update,frames,FPS,duration,rreturn_mean,rreturn_std,rreturn_min,rreturn_max,entropy,value,policy_loss,value_loss,grad_norm,return_mean,return_std,return_min,return_max
1,5120,1310.20851967213,3,0.0,0.0,0,0,1.9445995688438416,0.07638299353420734,0.012957744486629962,0.0001009459163469728,0.0032257582,0.0,0.0,0,0
2,10240,1644.3108730625984,7,0.0,0.0,0,0,1.9450024247169495,0.07145789824426174,0.012139472318813205,2.4532598217774648e-05,0.001685768,0.0,0.0,0,0
3,15360,1592.7696149310143,10,0.0,0.0,0,0,1.9447542548179626,0.05519717615097761,0.009771855687722564,1.1739166711777217e-05,0.0016008615,0.0,0.0,0,0
4,20480,1682.1315443933756,13,0.0,0.0,0,0,1.9451941430568696,0.0439736632630229,0.007689930219203234,1.0275198155795806e-05,0.0010012669,0.0,0.0,0,0
5,25600,1633.2179422164234,16,0.0,0.0,0,0,1.9456314504146577,0.03499666154384613,0.006070889416150749,6.803198425586743e-06,0.0009790483,0.0,0.0,0,0
6,30720,1604.3710108010291,19,0.0,0.0,0,0,1.9457566738128662,0.027718413062393664,0.0048987932037562135,5.466492643790843e-06,0.0007146195,0.0,0.0,0,0
7,35840,1572.4151169442766,22,0.0,0.0,0,0,1.9457634449005128,0.021734152734279633,0.003960394056048244,4.447303035703954e-06,0.00073720585,0.0,0.0,0,0
8,40960,1644.792217312445,25,0.0,0.0,0,0,1.9458103358745575,0.017479183711111547,0.0031087573152035475,3.232151743759459e-06,0.000588653,0.0,0.0,0,0
9,46080,1445.9533520786874,29,0.0,0.0,0,0,1.9457803905010223,0.013692858861759305,0.0024168558185920118,4.0430974308947045e-06,0.0006280639,0.0,0.0,0,0
10,51200,1369.2727923328812,33,0.0,0.0,0,0,1.9457843542098998,0.011205713544040919,0.001979056280106306,2.8270231609894835e-06,0.0005425433,0.0,0.0,0,0
11,56320,1517.0209621044926,36,0.0,0.0,0,0,1.945814198255539,0.008579905563965439,0.001589027774753049,2.2150933261855243e-06,0.00047600782,0.0,0.0,0,0
12,61440,1645.9206135211014,39,0.0,0.0,0,0,1.945838564634323,0.007428546878509223,0.0012314609484747052,1.8698057715482719e-06,0.00030221633,0.0,0.0,0,0
13,66560,1621.7652507321034,42,0.015595702826976776,0.0973951329380862,0.0,0.623828113079071,1.940964835882187,0.008393992396304385,-0.0010179776407312601,0.0005208478312852094,0.005842447,0.015595702826976776,0.0973951329380862,0.0,0.623828113079071
14,71680,1616.821005296136,46,0.030265624821186065,0.1319897506381669,0.0,0.623828113079071,1.9423723757266997,0.015349564841017127,0.0002705959494051058,0.0004904525323581766,0.006037661,0.030265624821186065,0.1319897506381669,0.0,0.623828113079071
15,76800,1606.1365939263865,49,0.030265624821186065,0.1319897506381669,0.0,0.623828113079071,1.9447150230407715,-0.0012749422654451336,-0.000641995613113977,4.482583317440003e-05,0.0017457962,0.030265624821186065,0.1319897506381669,0.0,0.623828113079071
16,81920,1607.1512135375026,52,0.030265624821186065,0.1319897506381669,0.0,0.623828113079071,1.9453246593475342,-0.005453872517682612,-0.00046303693197842223,1.173765022031148e-05,0.0009861798,0.030265624821186065,0.1319897506381669,0.0,0.623828113079071
17,87040,1590.0573883662,55,0.030265624821186065,0.1319897506381669,0.0,0.623828113079071,1.945499724149704,-0.008348351251333952,-0.001263540086802095,2.9721575629082507e-06,0.0005324349,0.030265624821186065,0.1319897506381669,0.0,0.623828113079071
18,92160,1342.6850667086658,59,0.030265624821186065,0.1319897506381669,0.0,0.623828113079071,1.9456626772880554,-0.005781783326528967,-0.001064071583095938,2.019497173932905e-06,0.0004653638,0.030265624821186065,0.1319897506381669,0.0,0.623828113079071
19,97280,1302.9685933941932,63,0.041431640088558194,0.14699631763061943,0.0,0.623828113079071,1.9433231592178344,-0.002987172151915729,-0.0024293471942655742,0.00022992237518337788,0.003171802,0.041431640088558194,0.14699631763061943,0.0,0.623828113079071
20,102400,966.6916911552506,68,0.041431640088558194,0.14699631763061943,0.0,0.623828113079071,1.9444275140762328,-0.0030634857364930214,-0.0011815827056125272,2.6605363746057265e-05,0.0014931653,0.041431640088558194,0.14699631763061943,0.0,0.623828113079071
21,107520,849.750417993336,74,0.041431640088558194,0.14699631763061943,0.0,0.623828113079071,1.9453229069709779,-0.005621462315320969,-0.0008603022812167183,3.097241301475151e-06,0.00078751956,0.041431640088558194,0.14699631763061943,0.0,0.623828113079071
22,112640,794.9062125678684,81,0.041431640088558194,0.14699631763061943,0.0,0.623828113079071,1.9456504344940186,-0.006806713645346463,-0.0011418744397815317,1.4310262884009716e-06,0.00038616185,0.041431640088558194,0.14699631763061943,0.0,0.623828113079071
23,117760,749.3363300036028,88,0.041431640088558194,0.14699631763061943,0.0,0.623828113079071,1.9457805633544922,-0.00559860123321414,-0.0010108175338245928,9.471075259170903e-07,0.00031036223,0.041431640088558194,0.14699631763061943,0.0,0.623828113079071
24,122880,825.0854821963063,94,0.041431640088558194,0.14699631763061943,0.0,0.623828113079071,1.9457716584205627,-0.004319957504048943,-0.0007178022380685434,9.695614551219478e-07,0.0002069221,0.041431640088558194,0.14699631763061943,0.0,0.623828113079071
25,128000,1412.6132676147968,97,0.041431640088558194,0.14699631763061943,0.0,0.623828113079071,1.94575115442276,-0.0030154992127791047,-0.0005364957454730756,1.1678141817128563e-06,0.0003823827,0.041431640088558194,0.14699631763061943,0.0,0.623828113079071
26,133120,1574.534020898533,101,0.041431640088558194,0.14699631763061943,0.0,0.623828113079071,1.9458162367343903,-0.002186695084674284,-0.0003759578699828126,7.729794887723074e-07,0.00026969894,0.041431640088558194,0.14699631763061943,0.0,0.623828113079071
27,138240,959.3898457494887,106,0.041431640088558194,0.14699631763061943,0.0,0.623828113079071,1.945817416906357,-0.0021837633044924586,-0.0003885237718350254,1.0633105688384604e-06,0.0004977534,0.041431640088558194,0.14699631763061943,0.0,0.623828113079071
28,143360,1498.1914462558532,109,0.041431640088558194,0.14699631763061943,0.0,0.623828113079071,1.9458266973495484,-0.0018751903437078,-0.00029475462069967763,7.944971258666556e-07,0.00039102446,0.041431640088558194,0.14699631763061943,0.0,0.623828113079071
29,148480,1435.5214331499483,113,0.041431640088558194,0.14699631763061943,0.0,0.623828113079071,1.9458088457584382,-0.0015504962124396116,-0.000300287709251279,7.324178966428008e-07,0.0003787443,0.041431640088558194,0.14699631763061943,0.0,0.623828113079071
30,153600,1511.860679939086,116,0.041431640088558194,0.14699631763061943,0.0,0.623828113079071,1.9458419322967528,-0.0013239023508504033,-0.0002475556237186538,7.482817792947572e-07,0.00021200834,0.041431640088558194,0.14699631763061943,0.0,0.623828113079071
31,158720,1617.4360923350268,120,0.041431640088558194,0.14699631763061943,0.0,0.623828113079071,1.9458633303642272,-0.0011177217413205654,-0.00017455989582231267,5.304555145357881e-07,0.00018925517,0.041431640088558194,0.14699631763061943,0.0,0.623828113079071
32,163840,1613.9572993625366,123,0.041431640088558194,0.14699631763061943,0.0,0.623828113079071,1.9458683729171753,-0.0011162078095367177,-0.00021708925560233184,4.1990011254711137e-07,0.00019494888,0.041431640088558194,0.14699631763061943,0.0,0.623828113079071
33,168960,1624.620252431975,126,0.02583593726158142,0.11370120789380626,0.0,0.5867968797683716,1.9458693087100982,-0.0010352725075790659,-0.00016035867993196006,3.4582990124931714e-07,0.0001565138,0.02583593726158142,0.11370120789380626,0.0,0.5867968797683716
34,174080,1647.659284022716,129,0.011166015267372131,0.06973174299482493,0.0,0.44664061069488525,1.9458788931369781,-0.0008713882620213553,-0.00013718696382056806,3.377450418895478e-07,0.00020387411,0.011166015267372131,0.06973174299482493,0.0,0.44664061069488525
35,179200,1646.7663803124533,132,0.011166015267372131,0.06973174299482493,0.0,0.44664061069488525,1.9458723723888398,-0.0008260138245532289,-0.00015641900281480048,3.256030431941781e-07,0.00013338219,0.011166015267372131,0.06973174299482493,0.0,0.44664061069488525
36,184320,1640.1410982697544,135,0.011166015267372131,0.06973174299482493,0.0,0.44664061069488525,1.9458602964878082,-0.00043758067913586275,-7.911568973213434e-05,4.183765696552655e-07,0.00018883661,0.011166015267372131,0.06973174299482493,0.0,0.44664061069488525
37,189440,1373.2520864957805,139,0.011166015267372131,0.06973174299482493,0.0,0.44664061069488525,1.945855402946472,-0.00033765096304705366,-6.231273532648629e-05,4.979106222435803e-07,0.00011968007,0.011166015267372131,0.06973174299482493,0.0,0.44664061069488525
38,194560,1385.5884592216437,143,0.011166015267372131,0.06973174299482493,0.0,0.44664061069488525,1.9458619475364685,-0.00012506652865340584,-9.488664518357837e-05,6.821438361725996e-07,0.00023938359,0.011166015267372131,0.06973174299482493,0.0,0.44664061069488525
39,199680,1372.1038950284926,146,0.0,0.0,0.0,0.0,1.945855587720871,3.7931350516373644e-05,-2.3314261397899827e-05,1.2555965696492421e-06,0.0002180123,0.0,0.0,0.0,0.0
40,204800,1580.4579926153963,150,0.0,0.0,0.0,0.0,1.9458502531051636,0.00012664374644373312,4.959201679639591e-05,9.58349743029885e-07,0.00045489793,0.0,0.0,0.0,0.0
41,209920,1490.1512554940855,153,0.0,0.0,0.0,0.0,1.9458944082260132,3.158284744131379e-05,6.963001605981844e-05,3.2002172432044065e-07,0.00020597037,0.0,0.0,0.0,0.0
42,215040,1466.2144396765086,157,0.0,0.0,0.0,0.0,1.9458909630775452,-0.0001857137457591307,-4.826133326787385e-05,4.034527940177668e-07,0.00029732962,0.0,0.0,0.0,0.0
43,220160,1527.296497482413,160,0.0,0.0,0.0,0.0,1.945878529548645,0.00019702625968420762,4.18577140862908e-05,4.5202504637131826e-07,0.00036458974,0.0,0.0,0.0,0.0
44,225280,1602.1610560511454,163,0.0,0.0,0.0,0.0,1.945889413356781,0.00029702252522838534,3.4307545365663825e-05,2.3658396202108635e-07,0.00015597205,0.0,0.0,0.0,0.0
45,230400,1570.5933882305308,166,0.0,0.0,0.0,0.0,1.9458905816078187,0.0006206336212926545,9.465091334277531e-05,1.451183003098322e-07,9.604807e-05,0.0,0.0,0.0,0.0
46,235520,1632.7935009533762,170,0.0,0.0,0.0,0.0,1.9458907961845398,0.0007935574627481401,0.00014140971870801877,2.1876264391096357e-07,0.0002348684,0.0,0.0,0.0,0.0
47,240640,1608.4761970674354,173,0.0,0.0,0.0,0.0,1.9458918213844298,0.000808607434737496,0.000148817733861506,1.6645902043421756e-07,0.00019456817,0.0,0.0,0.0,0.0
48,245760,1630.109910096192,176,0.0,0.0,0.0,0.0,1.9458898544311523,0.0005278597978758626,9.727806645969395e-05,2.0643306939405192e-07,0.00013605584,0.0,0.0,0.0,0.0
49,250880,1629.5266930645678,179,0.0,0.0,0.0,0.0,1.945889401435852,0.0002971149529912509,7.76229740040435e-05,1.509976293334603e-07,0.00015167851,0.0,0.0,0.0,0.0
50,256000,1633.8623521923441,182,0.0,0.0,0.0,0.0,1.9458918631076814,0.0003820877362159081,7.056365939206444e-05,1.661909379890858e-07,0.0001779242,0.0,0.0,0.0,0.0
51,261120,1610.8441337598147,185,0.0,0.0,0.0,0.0,1.9458892405033112,0.00018564555712146101,2.224556315013615e-05,1.8899621778700748e-07,0.00016214374,0.0,0.0,0.0,0.0
52,266240,1623.100955909818,189,0.0,0.0,0.0,0.0,1.9458873987197876,0.0002493938409315888,4.321371551441189e-05,2.6822284766581105e-07,0.00016853244,0.0,0.0,0.0,0.0
53,271360,1634.458007314512,192,0.01541406214237213,0.09626078722630248,0.0,0.6165624856948853,1.943283784389496,0.002126205253080116,-0.0021043831684437464,0.00047973789796742496,0.0039849407,0.01541406214237213,0.09626078722630248,0.0,0.6165624856948853
54,276480,1631.9648748328505,195,0.030488280951976775,0.13290402590795833,0.0,0.6165624856948853,1.9450769186019898,0.00718152275076136,-0.0006335719610433444,0.0003255974735111522,0.0035053797,0.030488280951976775,0.13290402590795833,0.0,0.6165624856948853
55,281600,1597.8493550294281,198,0.030488280951976775,0.13290402590795833,0.0,0.6165624856948853,1.945718777179718,0.003470744763035327,0.0004884205445705447,5.393456990532286e-06,0.0005931231,0.030488280951976775,0.13290402590795833,0.0,0.6165624856948853
56,286720,1574.7886177591897,201,0.030488280951976775,0.13290402590795833,0.0,0.6165624856948853,1.945802253484726,0.0017078553733881562,0.0003700907218444627,2.414333874867225e-06,0.000304022,0.030488280951976775,0.13290402590795833,0.0,0.6165624856948853
57,291840,1570.5583543845826,205,0.030488280951976775,0.13290402590795833,0.0,0.6165624856948853,1.945841509103775,0.0018140376079827548,0.0003696417472383473,9.632106014123566e-07,0.0003235307,0.030488280951976775,0.13290402590795833,0.0,0.6165624856948853
58,296960,1622.8826212017268,208,0.04225781187415123,0.14949303341186035,0.0,0.6165624856948853,1.9445509612560272,0.003420692397048697,-0.0012709023076695302,7.675027336517815e-05,0.0038570322,0.04225781187415123,0.14949303341186035,0.0,0.6165624856948853
59,302080,1580.2219082603372,211,0.04225781187415123,0.14949303341186035,0.0,0.6165624856948853,1.9452827870845795,0.004133631865261123,-0.00011837623678729869,7.236770265990344e-05,0.0017752703,0.04225781187415123,0.14949303341186035,0.0,0.6165624856948853
60,307200,1600.0364550313316,214,0.04225781187415123,0.14949303341186035,0.0,0.6165624856948853,1.9449994683265686,-0.00555105694802478,-0.0018368916731560602,4.599958110702573e-05,0.0021301748,0.04225781187415123,0.14949303341186035,0.0,0.6165624856948853
61,312320,1621.6760941073167,217,0.04225781187415123,0.14949303341186035,0.0,0.6165624856948853,1.9458146452903748,-0.0073749991599470375,-0.0012192952854093164,1.6118518317398412e-06,0.0003450638,0.04225781187415123,0.14949303341186035,0.0,0.6165624856948853
62,317440,1643.1529985647264,220,0.04225781187415123,0.14949303341186035,0.0,0.6165624856948853,1.9458481907844543,-0.008234816789627075,-0.0013730124745052307,8.961723210632044e-07,0.00024700206,0.04225781187415123,0.14949303341186035,0.0,0.6165624856948853
63,322560,1631.7502244385996,224,0.04225781187415123,0.14949303341186035,0.0,0.6165624856948853,1.9458706259727478,-0.00649137613363564,-0.0011484014452435077,5.898240701185387e-07,0.00020368662,0.04225781187415123,0.14949303341186035,0.0,0.6165624856948853
64,327680,1646.874735568187,227,0.04225781187415123,0.14949303341186035,0.0,0.6165624856948853,1.9458790957927703,-0.005121672968380153,-0.0009002524486277253,6.603651087289108e-07,0.00024432177,0.04225781187415123,0.14949303341186035,0.0,0.6165624856948853
65,332800,1638.6380345777768,230,0.04225781187415123,0.14949303341186035,0.0,0.6165624856948853,1.945880401134491,-0.004489587224088609,-0.000805715299793519,3.12305364502663e-07,0.00018563509,0.04225781187415123,0.14949303341186035,0.0,0.6165624856948853
66,337920,1626.5646178638526,233,0.04225781187415123,0.14949303341186035,0.0,0.6165624856948853,1.9458359122276305,-0.0032211491488851607,-0.000609387976146536,1.9706746201109125e-06,0.0003736241,0.04225781187415123,0.14949303341186035,0.0,0.6165624856948853
67,343040,1618.035555010388,236,0.04225781187415123,0.14949303341186035,0.0,0.6165624856948853,1.9458372950553895,-0.0017437942035030574,-0.00026828939298866316,4.812359577499592e-07,0.0001515427,0.04225781187415123,0.14949303341186035,0.0,0.6165624856948853
68,348160,1617.5676703948213,239,0.04225781187415123,0.14949303341186035,0.0,0.6165624856948853,1.9458694219589234,-0.0008325646602315828,-0.0002713839232455939,1.1070776167798612e-06,0.00029247015,0.04225781187415123,0.14949303341186035,0.0,0.6165624856948853
69,353280,1624.8180326137322,242,0.04225781187415123,0.14949303341186035,0.0,0.6165624856948853,1.9457493603229523,0.0005034440800955053,1.3213585918947502e-05,1.7924094237287136e-06,0.00027254556,0.04225781187415123,0.14949303341186035,0.0,0.6165624856948853
70,358400,1624.278767841108,246,0.04225781187415123,0.14949303341186035,0.0,0.6165624856948853,1.9455894887447358,0.0019811958190985024,0.0003254083923820872,1.1321771836492188e-06,0.00022697286,0.04225781187415123,0.14949303341186035,0.0,0.6165624856948853
71,363520,1638.6460369415818,249,0.05957031175494194,0.1804831674849068,0.0,0.6924999952316284,1.9443224906921386,0.0034145104058552534,-0.0017957153351744637,0.0003018912757852377,0.004431466,0.05957031175494194,0.1804831674849068,0.0,0.6924999952316284
72,368640,1635.4493236080411,252,0.05957031175494194,0.1804831674849068,0.0,0.6924999952316284,1.945750391483307,0.0012789343862095847,0.0006271405043662525,6.684679055979359e-06,0.00059939595,0.05957031175494194,0.1804831674849068,0.0,0.6924999952316284
73,373760,1615.1532143373147,255,0.029082030802965165,0.12916662066645293,0.0,0.6924999952316284,1.9458310008049011,0.004879668541252613,0.0007904460042482242,2.7992663547138363e-06,0.00044759497,0.029082030802965165,0.12916662066645293,0.0,0.6924999952316284
74,378880,1624.423011899112,258,0.01731249988079071,0.10811652710281049,0.0,0.6924999952316284,1.94582701921463,0.002339430060237646,0.0004292402518331073,1.5689073165958688e-06,0.00023246801,0.01731249988079071,0.10811652710281049,0.0,0.6924999952316284
75,384000,1635.0831035887663,261,0.01731249988079071,0.10811652710281049,0.0,0.6924999952316284,1.9458445489406586,0.0025213630171492694,0.0004441777768079191,6.408344233932439e-07,0.00015653111,0.01731249988079071,0.10811652710281049,0.0,0.6924999952316284
76,389120,1613.7655497545554,265,0.01731249988079071,0.10811652710281049,0.0,0.6924999952316284,1.9458735525608062,0.0019012860022485257,0.0003290932530944701,4.0970432024778347e-07,0.000134406,0.01731249988079071,0.10811652710281049,0.0,0.6924999952316284
77,394240,1626.4852805558887,268,0.01731249988079071,0.10811652710281049,0.0,0.6924999952316284,1.9458835482597352,0.001951505575561896,0.000327210572140757,3.455244964811754e-07,0.00018234525,0.01731249988079071,0.10811652710281049,0.0,0.6924999952316284
78,399360,1606.8892923041053,271,0.01731249988079071,0.10811652710281049,0.0,0.6924999952316284,1.945855873823166,0.001280821891850792,0.00025506088786642067,1.3644689289549206e-06,0.00031588398,0.01731249988079071,0.10811652710281049,0.0,0.6924999952316284
79,404480,1609.5192286360646,274,0.01731249988079071,0.10811652710281049,0.0,0.6924999952316284,1.945881724357605,0.0012058089778292924,0.00021799119131173938,3.0166368034656445e-07,9.043883e-05,0.01731249988079071,0.10811652710281049,0.0,0.6924999952316284
80,409600,1609.5834074109607,277,0.01731249988079071,0.10811652710281047,0.0,0.6924999952316284,1.9458612084388733,0.000625239170040004,0.00020590925196302124,5.716479392958718e-07,0.00018495639,0.01731249988079071,0.10811652710281047,0.0,0.6924999952316284
81,414720,1637.7525059901398,280,0.01731249988079071,0.10811652710281047,0.0,0.6924999952316284,1.9458958148956298,0.0008088379923719913,0.0002523765702790115,2.5863646726520526e-07,0.00011419249,0.01731249988079071,0.10811652710281047,0.0,0.6924999952316284
82,419840,1611.1647613263494,284,0.01731249988079071,0.10811652710281047,0.0,0.6924999952316284,1.9458981096744536,0.0002389232497080229,4.8545481422479495e-05,1.1571389464393178e-07,8.75701e-05,0.01731249988079071,0.10811652710281047,0.0,0.6924999952316284
83,424960,1624.9782342061317,287,0.01731249988079071,0.10811652710281047,0.0,0.6924999952316284,1.9458974361419679,0.0003909314378688578,5.2040471473446814e-05,1.504626364834394e-07,0.00012266026,0.01731249988079071,0.10811652710281047,0.0,0.6924999952316284
84,430080,1633.721895585243,290,0.01731249988079071,0.10811652710281047,0.0,0.6924999952316284,1.945899522304535,0.000421881114016287,7.167146668507485e-05,1.574849001428902e-07,7.491225e-05,0.01731249988079071,0.10811652710281047,0.0,0.6924999952316284
85,435200,1609.3597689518824,293,0.01731249988079071,0.10811652710281047,0.0,0.6924999952316284,1.9458989024162292,0.00045474460785044357,7.257031252265733e-05,1.5145112257641814e-07,9.258375e-05,0.01731249988079071,0.10811652710281047,0.0,0.6924999952316284
86,440320,1617.6428500620848,296,0.01731249988079071,0.10811652710281047,0.0,0.6924999952316284,1.9458964586257934,0.00036081241705687717,7.132271193768246e-05,1.7204785791591347e-07,6.0384074e-05,0.01731249988079071,0.10811652710281047,0.0,0.6924999952316284
87,445440,1623.1013239392528,299,0.01731249988079071,0.10811652710281047,0.0,0.6924999952316284,1.9458925247192382,0.00033657676249276847,6.264130347517493e-05,1.6089768877236567e-07,0.00010042354,0.01731249988079071,0.10811652710281047,0.0,0.6924999952316284
88,450560,1576.7049471761275,303,0.01731249988079071,0.10811652710281047,0.0,0.6924999952316284,1.9458936989307403,0.00035806095984298737,4.763884678595787e-05,1.8530388743442927e-07,0.0001276563,0.01731249988079071,0.10811652710281047,0.0,0.6924999952316284
89,455680,1638.7350685107124,306,0.01731249988079071,0.10811652710281047,0.0,0.6924999952316284,1.9458895385265351,0.00010353000407121726,2.09941476896347e-05,3.9067912283030637e-07,0.00010974789,0.01731249988079071,0.10811652710281047,0.0,0.6924999952316284
90,460800,1622.6591956022314,309,0.01767578125,0.11038521852637792,0.0,0.70703125,1.9435634553432464,0.0022895730809977975,-0.002347208558785496,0.0003604610659749596,0.0029534134,0.01767578125,0.11038521852637792,0.0,0.70703125
91,465920,1629.325539824889,312,0.029931640625,0.13270143240448057,0.0,0.70703125,1.9453079283237458,0.0046808396120468386,-0.0003825065115961479,9.757511888892622e-05,0.0028538578,0.029931640625,0.13270143240448057,0.0,0.70703125
92,471040,1616.0469362301142,315,0.04431445300579071,0.1575322640183391,0.0,0.70703125,1.9446841418743133,0.009794719924684614,-0.0008562798415368888,0.00026815133714990224,0.005764088,0.04431445300579071,0.1575322640183391,0.0,0.70703125
93,476160,1627.2963888142697,318,0.04431445300579071,0.1575322640183391,0.0,0.70703125,1.945598977804184,0.0034081767895258962,0.0005236201373918448,3.853901826005313e-05,0.0018620575,0.04431445300579071,0.1575322640183391,0.0,0.70703125
94,481280,1623.551671635894,322,0.04431445300579071,0.1575322640183391,0.0,0.70703125,1.9452861368656158,0.00148516733024735,-0.0008640037987788674,0.00010538580977481615,0.0024559223,0.04431445300579071,0.1575322640183391,0.0,0.70703125
95,486400,1630.4302075654057,325,0.05872070342302323,0.17785855611921506,0.0,0.70703125,1.9443232834339141,0.006372881541028619,-0.0004949681193465949,0.00012475113712753227,0.0023157313,0.05872070342302323,0.17785855611921506,0.0,0.70703125
96,491520,1635.731852188127,328,0.08559374958276748,0.20542578613770102,0.0,0.70703125,1.9421336114406587,0.002149281294987304,-0.0027769190118306143,0.00025339015901408856,0.0048869424,0.08559374958276748,0.20542578613770102,0.0,0.70703125
97,496640,1631.5845941076668,331,0.08559374958276748,0.20542578613770102,0.0,0.70703125,1.9455206394195557,-0.002203868082142435,-0.000740648163628066,1.530356637431396e-05,0.0012906505,0.08559374958276748,0.20542578613770102,0.0,0.70703125
98,501760,1607.1792386335453,334,0.09732812494039536,0.21345046796590758,0.0,0.70703125,1.9435787618160247,0.0005844816423632437,-0.0015754939406178892,0.0001371248583382112,0.0034461268,0.09732812494039536,0.21345046796590758,0.0,0.70703125
99,506880,1623.2178749886714,337,0.10834765583276748,0.21943530731935562,0.0,0.70703125,1.9440979301929473,-0.0015227155017782934,-0.0018219269331893884,0.00012571200377351489,0.0027396656,0.10834765583276748,0.21943530731935562,0.0,0.70703125
100,512000,1610.671847656809,340,0.10834765583276748,0.21943530731935562,0.0,0.70703125,1.9453757405281067,-0.00019098772872894187,-2.504814310668735e-05,1.239042012457503e-05,0.0012244806,0.10834765583276748,0.21943530731935562,0.0,0.70703125
101,517120,1634.252650001754,344,0.10834765583276748,0.21943530731935562,0.0,0.70703125,1.9457937180995941,-0.0018478200770914554,-0.0001584814897796605,2.183825745305512e-06,0.0004413342,0.10834765583276748,0.21943530731935562,0.0,0.70703125
102,522240,1629.775761638528,347,0.10834765583276748,0.21943530731935562,0.0,0.70703125,1.9457854747772216,-0.0005895587193663232,-0.0001255994436178298,1.4922061353672688e-06,0.00031969484,0.10834765583276748,0.21943530731935562,0.0,0.70703125
103,527360,1624.5316418810548,350,0.10834765583276748,0.21943530731935562,0.0,0.70703125,1.9457943260669708,-0.0010967645474011078,-0.00024612621164123996,1.2075856403725993e-06,0.00034722476,0.10834765583276748,0.21943530731935562,0.0,0.70703125
104,532480,1585.2804303078103,353,0.10834765583276748,0.21943530731935562,0.0,0.70703125,1.945833158493042,-0.0002884821014049521,-6.38564991277235e-05,7.580608155421942e-07,0.0002348629,0.10834765583276748,0.21943530731935562,0.0,0.70703125
105,537600,1587.3977972294726,356,0.10834765583276748,0.21943530731935562,0.0,0.70703125,1.9458641707897186,-0.00027987904177280144,-3.873378543630679e-05,4.292888093004876e-07,0.000142799,0.10834765583276748,0.21943530731935562,0.0,0.70703125
106,542720,1634.0426195040204,359,0.10834765583276748,0.21943530731935562,0.0,0.70703125,1.9458694219589234,-2.1777342772111298e-05,3.356386332598049e-06,4.939965435823978e-07,0.0002932516,0.10834765583276748,0.21943530731935562,0.0,0.70703125
107,547840,1619.3250692205472,363,0.10834765583276748,0.21943530731935562,0.0,0.70703125,1.9458702325820922,-0.0002516278082111967,-4.0595193740955435e-05,3.2378237477814766e-07,0.00014789551,0.10834765583276748,0.21943530731935562,0.0,0.70703125
108,552960,1624.75128102873,366,0.10834765583276748,0.21943530731935562,0.0,0.70703125,1.945878666639328,4.4441519457905086e-05,-1.1619675603924406e-05,3.0240476505127846e-07,0.00010274721,0.10834765583276748,0.21943530731935562,0.0,0.70703125
109,558080,1625.5986832209762,369,0.10834765583276748,0.21943530731935562,0.0,0.70703125,1.945880115032196,0.00017829005228122696,6.385103133652593e-05,2.2965820249964964e-07,0.000113302565,0.10834765583276748,0.21943530731935562,0.0,0.70703125
110,563200,1613.571299656485,372,0.09067187458276749,0.19792005979821428,0.0,0.5762500166893005,1.9458290934562683,-1.4762720934413664e-05,-1.1644883397821103e-05,4.896275342503032e-07,0.00018624647,0.09067187458276749,0.19792005979821428,0.0,0.5762500166893005
111,568320,1618.2661233471047,375,0.07841601520776749,0.1877136753383354,0.0,0.5762500166893005,1.9457036674022674,0.00035833243273373225,6.260893624130404e-05,1.5639539157064064e-06,0.00029267624,0.07841601520776749,0.1877136753383354,0.0,0.5762500166893005
112,573440,1614.8442334582483,378,0.06403320282697678,0.170325079206114,0.0,0.5762500166893005,1.9451969742774964,0.0021144266473129393,0.00018610577772051328,2.5340382819649676e-05,0.0012468017,0.06403320282697678,0.170325079206114,0.0,0.5762500166893005
113,578560,1620.5606284457456,382,0.07425585910677909,0.17826121035088704,0.0,0.5762500166893005,1.9449125409126282,0.004354256327496841,-0.0006113344599725679,9.288046101119107e-05,0.0030561173,0.07425585910677909,0.17826121035088704,0.0,0.5762500166893005
114,583680,1626.3701074003168,385,0.07425585910677909,0.17826121035088704,0.0,0.5762500166893005,1.9457214295864105,-0.002303807914722711,-0.0002327176107428386,2.3821478407626273e-06,0.00033383956,0.07425585910677909,0.17826121035088704,0.0,0.5762500166893005
115,588800,1635.853214973088,388,0.059849608689546585,0.15939703266935898,0.0,0.5420312285423279,1.9458197712898255,-0.000911077595083043,-0.00018035053744824836,6.708154330681282e-07,0.00017926033,0.059849608689546585,0.15939703266935898,0.0,0.5420312285423279
116,593920,1628.9388272112453,391,0.03425390645861626,0.12098005597621392,0.0,0.5204687714576721,1.9437456965446471,0.0017381152782036224,-0.001735612188349478,0.00010080720699079393,0.0028195095,0.03425390645861626,0.12098005597621392,0.0,0.5204687714576721
117,599040,1619.1143411044125,394,0.03425390645861626,0.12098005597621392,0.0,0.5204687714576721,1.9458027720451354,-0.0017096513358410448,-0.00030067759871599264,2.3822924049454743e-06,0.0003380499,0.03425390645861626,0.12098005597621392,0.0,0.5204687714576721
118,604160,1613.5302002934054,397,0.03425390645861626,0.12098005597621392,0.0,0.5204687714576721,1.9458369731903076,-0.0016960660286713392,-0.0003282803805632284,9.391630726440781e-07,0.0001996706,0.03425390645861626,0.12098005597621392,0.0,0.5204687714576721
119,609280,1588.6954510142834,401,0.023234375566244126,0.10204148862209163,0.0,0.5204687714576721,1.9458471357822418,-0.0005259910380118526,-3.9616549611309895e-05,1.7108515294239623e-06,0.00024179928,0.023234375566244126,0.10204148862209163,0.0,0.5204687714576721
120,614400,1574.611603601067,404,0.023234375566244126,0.10204148862209163,0.0,0.5204687714576721,1.9458313405513763,6.747935913153924e-07,-3.6337488268145535e-05,9.384642083887229e-07,0.0002380041,0.023234375566244126,0.10204148862209163,0.0,0.5204687714576721
121,619520,1579.7525077244784,407,0.023234375566244126,0.10204148862209163,0.0,0.5204687714576721,1.9458808541297912,0.0006044234600267373,0.00021372133269323968,4.0509474104055697e-07,0.00015046533,0.023234375566244126,0.10204148862209163,0.0,0.5204687714576721
122,624640,1474.5436539312045,411,0.023234375566244126,0.10204148862209163,0.0,0.5204687714576721,1.9458877503871919,1.2714762419818727e-06,2.029456715035849e-05,1.3342404088234615e-07,6.506396e-05,0.023234375566244126,0.10204148862209163,0.0,0.5204687714576721
123,629760,1534.3933205546036,414,0.023234375566244126,0.10204148862209163,0.0,0.5204687714576721,1.9458630859851838,0.0003201398969395086,3.152698176336344e-05,2.663935163127462e-07,0.00012252726,0.023234375566244126,0.10204148862209163,0.0,0.5204687714576721
124,634880,1634.956627068312,417,0.023234375566244126,0.10204148862209163,0.0,0.5204687714576721,1.9458203434944152,0.0004524210649833549,-6.692482056678273e-05,1.6518058622239097e-06,0.00027605504,0.023234375566244126,0.10204148862209163,0.0,0.5204687714576721
125,640000,1560.0526767874599,420,0.023234375566244126,0.10204148862209163,0.0,0.5204687714576721,1.945704048871994,0.00087841788190417,6.558590466738678e-05,9.508468860985885e-06,0.0006510865,0.023234375566244126,0.10204148862209163,0.0,0.5204687714576721
126,645120,1612.289597796188,424,0.023234375566244126,0.10204148862209163,0.0,0.5204687714576721,1.9457926452159882,6.939546801731922e-05,-5.007112567909644e-05,2.4607203528148602e-06,0.00053621485,0.023234375566244126,0.10204148862209163,0.0,0.5204687714576721
127,650240,1650.88720237871,427,0.023234375566244126,0.10204148862209163,0.0,0.5204687714576721,1.9458161413669586,0.0009566928638378158,0.00012772009849868483,5.562551820048611e-07,0.00018653432,0.023234375566244126,0.10204148862209163,0.0,0.5204687714576721
128,655360,1617.936934259275,430,0.023234375566244126,0.10204148862209163,0.0,0.5204687714576721,1.9450597524642945,0.0020563863043207677,-0.0001803272242341336,9.533204115541594e-06,0.00078497047,0.023234375566244126,0.10204148862209163,0.0,0.5204687714576721
129,660480,1634.728620422411,433,0.04204101637005806,0.15274961238473048,0.0,0.7522656321525574,1.9441041111946107,0.004106886024237611,-0.0017928884826687863,0.0003520861727338342,0.003856251,0.04204101637005806,0.15274961238473048,0.0,0.7522656321525574
130,665600,1636.2762564335292,436,0.05963476672768593,0.18418791438177648,0.0,0.7522656321525574,1.9417191207408906,-0.003313848174002487,-0.0029401792184216903,0.0005921230851527071,0.0045945225,0.05963476672768593,0.18418791438177648,0.0,0.7522656321525574
131,670720,1529.378460846011,439,0.04941211044788361,0.1756696572873671,0.0,0.7522656321525574,1.9443311512470245,-0.0003952772542106686,-0.00015999205170373897,3.468771019470296e-05,0.0013064897,0.04941211044788361,0.1756696572873671,0.0,0.7522656321525574
132,675840,1489.0489741015836,443,0.06067773550748825,0.186269079246669,0.0,0.7522656321525574,1.9435032844543456,-0.0015081912220921367,-0.0014870998304104433,6.471283427345043e-05,0.0020342092,0.06067773550748825,0.186269079246669,0.0,0.7522656321525574
133,680960,1488.0263707304405,446,0.06067773550748825,0.186269079246669,0.0,0.7522656321525574,1.944225436449051,-0.004034835426136851,-0.0006618544372031465,1.1920085330530129e-05,0.0010909669,0.06067773550748825,0.186269079246669,0.0,0.7522656321525574
134,686080,1551.4072349659727,450,0.06067773550748825,0.186269079246669,0.0,0.7522656321525574,1.9453291773796082,-0.003856312343850732,-0.000633596206898801,5.192390619868092e-06,0.0004891451,0.06067773550748825,0.186269079246669,0.0,0.7522656321525574
135,691200,1384.255087506537,453,0.06067773550748825,0.186269079246669,0.0,0.7522656321525574,1.9449669122695923,-0.003809482813812792,-0.0007011098612565547,7.395106922558625e-06,0.0006484382,0.06067773550748825,0.186269079246669,0.0,0.7522656321525574
136,696320,1345.7442592682066,457,0.04766601622104645,0.17127088140068358,0.0,0.7522656321525574,1.945427656173706,-0.003536147286649793,-0.0005892695495276712,1.3417896724376988e-06,0.00025144633,0.04766601622104645,0.17127088140068358,0.0,0.7522656321525574
137,701440,1326.7902447583663,461,0.04766601622104645,0.17127088140068358,0.0,0.7522656321525574,1.94567990899086,-0.0028694118838757275,-0.0004922122257994488,8.806582329157209e-07,0.000214381,0.04766601622104645,0.17127088140068358,0.0,0.7522656321525574
138,706560,879.9497799924408,467,0.04766601622104645,0.17127088140068358,0.0,0.7522656321525574,1.945642364025116,-0.002194777177646756,-0.0006904245616169647,7.340918136833352e-06,0.00046862956,0.04766601622104645,0.17127088140068358,0.0,0.7522656321525574
139,711680,1336.955299718711,471,0.059101562947034836,0.18260240505606795,0.0,0.7522656321525574,1.9446389734745027,-0.0014357499418110819,-0.0009176682156976313,1.1135745498336292e-05,0.0011281654,0.059101562947034836,0.18260240505606795,0.0,0.7522656321525574
140,716800,1432.9302134651894,474,0.059101562947034836,0.18260240505606792,0.0,0.7522656321525574,1.9458020448684692,-0.0017583486100193114,-0.0005016543713281862,1.4709876268170774e-06,0.00027172474,0.059101562947034836,0.18260240505606792,0.0,0.7522656321525574
141,721920,937.4965312364218,480,0.059101562947034836,0.18260240505606792,0.0,0.7522656321525574,1.9458618879318237,-0.001587083435151726,-0.00016830614163154678,7.134781583317817e-07,0.00015884395,0.059101562947034836,0.18260240505606792,0.0,0.7522656321525574
142,727040,1450.4028996662055,483,0.059101562947034836,0.18260240505606792,0.0,0.7522656321525574,1.9458360552787781,-0.0019793969579041002,-0.0004277248153812252,1.0015511975325353e-06,0.00017392101,0.059101562947034836,0.18260240505606792,0.0,0.7522656321525574
143,732160,1336.3032250982742,487,0.059101562947034836,0.18260240505606792,0.0,0.7522656321525574,1.9456959903240203,-0.0012809058505808934,-0.00022157220155349933,2.1777744791506846e-06,0.00041704235,0.059101562947034836,0.18260240505606792,0.0,0.7522656321525574
144,737280,1465.3825209752597,491,0.059101562947034836,0.18260240505606792,0.0,0.7522656321525574,1.945788139104843,-0.0014607855642680078,-0.0002449451305437833,6.172851627184173e-07,0.00016842119,0.059101562947034836,0.18260240505606792,0.0,0.7522656321525574
145,742400,1575.277374164638,494,0.059101562947034836,0.18260240505606792,0.0,0.7522656321525574,1.9453580021858214,-0.0010991788090905174,-0.0003308221130282618,1.8243714151822133e-06,0.00021925432,0.059101562947034836,0.18260240505606792,0.0,0.7522656321525574
146,747520,1434.027551301349,497,0.059101562947034836,0.18260240505606792,0.0,0.7522656321525574,1.9456061184406281,-0.0015106767299585045,-0.00024175041398848406,7.762263052768503e-07,0.0001801024,0.059101562947034836,0.18260240505606792,0.0,0.7522656321525574
147,752640,1400.3459894926627,501,0.059101562947034836,0.18260240505606792,0.0,0.7522656321525574,1.945317131280899,-0.00020012563381897053,-0.0006844160932814702,3.145339876482467e-05,0.0012077844,0.059101562947034836,0.18260240505606792,0.0,0.7522656321525574
148,757760,1635.7666144309153,504,0.05981640592217445,0.18534986992692223,0.0,0.7808593511581421,1.9437325954437257,0.003244476446707267,-0.0016926228145166533,0.0003455278783576432,0.0044373106,0.05981640592217445,0.18534986992692223,0.0,0.7808593511581421
149,762880,1559.6933870022044,508,0.05981640592217445,0.18534986992692223,0.0,0.7808593511581421,1.9456278562545777,-0.004579108185134828,-0.0005920869909459725,3.6422515790945908e-06,0.00058454875,0.05981640592217445,0.18534986992692223,0.0,0.7808593511581421
150,768000,1464.6846982150216,511,0.04222265556454659,0.15416945868293683,0.0,0.7808593511581421,1.9457771480083466,-0.002553288813214749,-0.0005030151281971484,1.4990101931289245e-06,0.0002408714,0.04222265556454659,0.15416945868293683,0.0,0.7808593511581421
151,773120,1392.4882277921888,515,0.03095703050494194,0.13969990900671522,0.0,0.7808593511581421,1.9457829892635345,-8.69572131705354e-05,-0.0001465622678551881,1.674524344252859e-06,0.00025253466,0.03095703050494194,0.13969990900671522,0.0,0.7808593511581421
152,778240,1578.154593747212,518,0.03095703050494194,0.13969990900671522,0.0,0.7808593511581421,1.9456201851367951,0.0016425273846834899,0.0001347733513739513,6.592967986307486e-06,0.0005437316,0.03095703050494194,0.13969990900671522,0.0,0.7808593511581421
153,783360,1313.9366748063037,522,0.04672851487994194,0.1680489124835928,0.0,0.7808593511581421,1.943593794107437,0.0029155438802263233,-0.001654317460747734,0.00044112032192060723,0.0046229973,0.04672851487994194,0.1680489124835928,0.0,0.7808593511581421
154,788480,1426.1632304227803,525,0.04672851487994194,0.1680489124835928,0.0,0.7808593511581421,1.945577049255371,0.0018742983578704298,0.0003527027452946641,5.2853275292363834e-06,0.0005582447,0.04672851487994194,0.1680489124835928,0.0,0.7808593511581421
155,793600,1250.110763276583,530,0.04672851487994194,0.1680489124835928,0.0,0.7808593511581421,1.945506078004837,0.0006472117893281393,4.917286842101021e-05,1.7802083164042414e-06,0.00027773023,0.04672851487994194,0.1680489124835928,0.0,0.7808593511581421
156,798720,1458.75703987243,533,0.03529296815395355,0.1547498896018884,0.0,0.7808593511581421,1.9454161882400514,0.00048209750966634604,0.00017104436974477722,1.358742667889601e-06,0.00027246907,0.03529296815395355,0.1547498896018884,0.0,0.7808593511581421
157,803840,1462.4729963116117,537,0.03529296815395355,0.1547498896018884,0.0,0.7808593511581421,1.9458532154560089,0.0002821534624672495,6.960162456834951e-05,5.511741321129193e-07,0.00011654738,0.03529296815395355,0.1547498896018884,0.0,0.7808593511581421
158,808960,1107.1500205114314,541,0.03529296815395355,0.1547498896018884,0.0,0.7808593511581421,1.9455327928066253,0.0004873396654147655,8.707775878065149e-05,1.3534425107764036e-06,0.00019086117,0.03529296815395355,0.1547498896018884,0.0,0.7808593511581421
159,814080,1251.282770092535,545,0.046558593213558194,0.1676364866317316,0.0,0.7808593511581421,1.9435888826847076,0.0022308322120807135,-0.0011231557966311812,1.9954445997427682e-05,0.0018970085,0.046558593213558194,0.1676364866317316,0.0,0.7808593511581421
160,819200,1084.7843318670239,550,0.046558593213558194,0.1676364866317316,0.0,0.7808593511581421,1.9458791315555573,0.0005459958032588474,0.00012969983090442837,5.235423444105435e-07,0.0001989785,0.046558593213558194,0.1676364866317316,0.0,0.7808593511581421
161,824320,1394.9584991002694,554,0.046558593213558194,0.1676364866317316,0.0,0.7808593511581421,1.9458814322948457,0.0011143418116262183,0.00022783646127209068,7.352133152949137e-07,0.00020524797,0.046558593213558194,0.1676364866317316,0.0,0.7808593511581421
162,829440,1413.8549544290834,557,0.046558593213558194,0.1676364866317316,0.0,0.7808593511581421,1.9458873331546784,0.0006787174614146351,8.177480949598249e-05,3.8359057299430786e-07,0.00014714724,0.046558593213558194,0.1676364866317316,0.0,0.7808593511581421
163,834560,1113.677462548907,562,0.046558593213558194,0.1676364866317316,0.0,0.7808593511581421,1.9458639979362489,0.001180570208816789,9.750340967684679e-05,1.192479304279459e-06,0.00022337984,0.046558593213558194,0.1676364866317316,0.0,0.7808593511581421
164,839680,1200.099925076311,566,0.0490957036614418,0.17910621470941898,0.0,0.8823437690734863,1.9407835066318513,0.006601793174922932,-0.002454942840631702,0.00018470511386112776,0.0036848753,0.0490957036614418,0.17910621470941898,0.0,0.8823437690734863
165,844800,1303.7045512839386,570,0.07059765607118607,0.21908617829529867,0.0,0.8823437690734863,1.940431821346283,0.012840807298198342,-0.0013199736786191352,0.0002824246050295187,0.0037668194,0.07059765607118607,0.21908617829529867,0.0,0.8823437690734863
166,849920,1460.9532345138628,574,0.11237109452486038,0.2743373859325635,0.0,0.8823437690734863,1.9389274656772613,0.012585007189773022,-0.0016188395195058547,0.00032872699084691704,0.0059035528,0.11237109452486038,0.2743373859325635,0.0,0.8823437690734863
167,855040,1630.4604121197544,577,0.11237109452486038,0.2743373859325635,0.0,0.8823437690734863,1.9456433713436128,-0.01796511672437191,-0.002849556284490973,7.0232599455266605e-06,0.0008174616,0.11237109452486038,0.2743373859325635,0.0,0.8823437690734863
168,860160,1431.61272151084,580,0.11237109452486038,0.2743373859325635,0.0,0.8823437690734863,1.9456951558589934,-0.013956901989877224,-0.002484263456426561,2.4038137496518177e-06,0.00046334128,0.11237109452486038,0.2743373859325635,0.0,0.8823437690734863
169,865280,1384.1862067227423,584,0.11237109452486038,0.2743373859325635,0.0,0.8823437690734863,1.9457635581493378,-0.009822794888168573,-0.0017837614810559898,1.2296741346062844e-06,0.00029476263,0.11237109452486038,0.2743373859325635,0.0,0.8823437690734863
170,870400,1422.96759949336,588,0.11237109452486038,0.2743373859325635,0.0,0.8823437690734863,1.9455761373043061,-0.006661498709581793,-0.0012243489822139964,1.0722975838461935e-05,0.00087738066,0.11237109452486038,0.2743373859325635,0.0,0.8823437690734863
171,875520,1534.9771220550194,591,0.09659961014986038,0.26192974391673746,0.0,0.8823437690734863,1.9451364874839783,-0.0030753076542168857,-0.0007168325344537152,3.127762688563962e-05,0.0009573094,0.09659961014986038,0.26192974391673746,0.0,0.8823437690734863
172,880640,1283.5119593146023,595,0.09659961014986038,0.26192974391673746,0.0,0.8823437690734863,1.9431161522865295,0.0013606138538307278,-0.002065959731771727,0.00024165988106688018,0.0037126516,0.09659961014986038,0.26192974391673746,0.0,0.8823437690734863
173,885760,1519.0480154397287,598,0.09659961014986038,0.26192974391673746,0.0,0.8823437690734863,1.9400637865066528,0.009274687501601875,0.0026248622925777454,0.00017713076522340998,0.0039111855,0.09659961014986038,0.26192974391673746,0.0,0.8823437690734863
174,890880,1526.3013020604194,602,0.09659961014986038,0.2619297439167374,0.0,0.8823437690734863,1.9436625957489013,0.0019083542443695477,0.00017326254510408035,2.1024583361395344e-05,0.0011989734,0.09659961014986038,0.2619297439167374,0.0,0.8823437690734863
175,896000,1382.8205362164904,605,0.09659961014986038,0.26192974391673746,0.0,0.8823437690734863,1.9400325179100038,0.003481516017927788,-0.001264420671213884,0.00011824866128335998,0.0028591757,0.09659961014986038,0.26192974391673746,0.0,0.8823437690734863
176,901120,1556.638701804903,609,0.1255761742591858,0.2805210641428225,0.0,0.8823437690734863,1.9380206286907196,0.004381472851673607,-0.003037548705469817,0.00021786275938211473,0.003385026,0.1255761742591858,0.2805210641428225,0.0,0.8823437690734863
177,906240,1584.9706060442345,612,0.1366601586341858,0.2840768072132674,0.0,0.8823437690734863,1.9427567780017854,-0.010055708605796099,-0.0029702204570639878,6.286067127803108e-05,0.002102914,0.1366601586341858,0.2840768072132674,0.0,0.8823437690734863
178,911360,1556.386668096838,615,0.1366601586341858,0.2840768072132674,0.0,0.8823437690734863,1.9444267272949218,-0.02834558691829443,-0.005577038857154548,2.8612105052161495e-05,0.0017639331,0.1366601586341858,0.2840768072132674,0.0,0.8823437690734863
179,916480,1582.9385770191539,618,0.1366601586341858,0.2840768072132674,0.0,0.8823437690734863,1.9418374836444854,-0.020993011258542537,-0.0047174215200357136,7.326865852519404e-05,0.002049261,0.1366601586341858,0.2840768072132674,0.0,0.8823437690734863
180,921600,1579.0113115422967,622,0.1366601586341858,0.2840768072132674,0.0,0.8823437690734863,1.9411712825298308,-0.015699144313111903,-0.003888642106903717,0.00015008469454187435,0.0032447763,0.1366601586341858,0.2840768072132674,0.0,0.8823437690734863
181,926720,1597.7877728833969,625,0.13663086146116257,0.2839999525134153,0.0,0.8811718821525574,1.9414079785346985,-0.017528046015650035,-0.005648657237179578,0.00023453766339116556,0.0041200332,0.13663086146116257,0.2839999525134153,0.0,0.8811718821525574
182,931840,1636.9336884737877,628,0.13663086146116257,0.2839999525134153,0.0,0.8811718821525574,1.945749580860138,-0.017886502854526042,-0.003096673870459199,2.732821639028771e-06,0.0004851079,0.13663086146116257,0.2839999525134153,0.0,0.8811718821525574
183,936960,1537.977922131961,631,0.13663086146116257,0.2839999525134153,0.0,0.8811718821525574,1.9457910180091857,-0.014290111884474755,-0.0025070328963920476,1.707945085627216e-06,0.00040869685,0.13663086146116257,0.2839999525134153,0.0,0.8811718821525574
184,942080,1456.0862720225825,635,0.1151289090514183,0.2599537292185583,0.0,0.8811718821525574,1.945802390575409,-0.009531862707808614,-0.0017606729117687792,1.9221303944050305e-06,0.00033039952,0.1151289090514183,0.2599537292185583,0.0,0.8811718821525574
185,947200,1467.4166102985346,638,0.09399023652076721,0.2326428666829297,0.0,0.8811718821525574,1.9458299696445465,-0.008526280522346497,-0.0014706138579640537,1.2882735063612926e-06,0.00025262655,0.09399023652076721,0.2326428666829297,0.0,0.8811718821525574
186,952320,1559.9060402782065,642,0.07335547059774399,0.20135565630283708,0.0,0.8811718821525574,1.9458474576473237,-0.0058021299773827195,-0.0011180917674209923,1.337859737304825e-06,0.00027071373,0.07335547059774399,0.20135565630283708,0.0,0.8811718821525574
187,957440,1585.8443450353907,645,0.07335547059774399,0.20135565630283708,0.0,0.8811718821525574,1.9458711922168732,-0.004293923312798142,-0.000747538689756766,6.109938027520912e-07,0.00015013346,0.07335547059774399,0.20135565630283708,0.0,0.8811718821525574
188,962560,1517.4875951952479,648,0.07335547059774399,0.20135565630283708,0.0,0.8811718821525574,1.9458685576915742,-0.0029440395184792576,-0.0005325442485627718,6.345719754108359e-07,0.00015763172,0.07335547059774399,0.20135565630283708,0.0,0.8811718821525574
189,967680,1627.4107065721673,651,0.07335547059774399,0.20135565630283708,0.0,0.8811718821525574,1.9458751022815703,-0.0017998047755099834,-0.000343414161761757,5.156156916541477e-07,0.00015705798,0.07335547059774399,0.20135565630283708,0.0,0.8811718821525574
190,972800,1577.6532715598705,655,0.07335547059774399,0.20135565630283708,0.0,0.8811718821525574,1.9458701074123383,-0.0016745482163969428,-0.0002899488878028933,4.838256799644114e-07,0.00015808355,0.07335547059774399,0.20135565630283708,0.0,0.8811718821525574
191,977920,1658.557870826436,658,0.07335547059774399,0.20135565630283708,0.0,0.8811718821525574,1.945777529478073,-0.0007264042578754015,-0.0001275295763662143,1.039242673073204e-06,0.00023481289,0.07335547059774399,0.20135565630283708,0.0,0.8811718821525574
192,983040,1634.010914439037,661,0.07335547059774399,0.20135565630283708,0.0,0.8811718821525574,1.9446122705936433,0.0023401160375215112,-0.0007390790025965544,4.8455922501489114e-05,0.0015718996,0.07335547059774399,0.20135565630283708,0.0,0.8811718821525574
193,988160,1507.7656652428616,664,0.08922070562839508,0.21916436385061772,0.0,0.8811718821525574,1.9434755563735961,9.95444759610109e-05,-0.0012706603643891866,4.4772148555694e-05,0.0020461811,0.08922070562839508,0.21916436385061772,0.0,0.8811718821525574
194,993280,1516.5465835105535,668,0.07558203339576722,0.20697867936546904,0.0,0.8811718821525574,1.9430375277996064,0.0008008354343473911,-0.00012245670732227154,3.1607924222498694e-05,0.0014702539,0.07558203339576722,0.20697867936546904,0.0,0.8811718821525574
195,998400,1589.0128473869363,671,0.07558203339576722,0.20697867936546904,0.0,0.8811718821525574,1.9431875884532928,0.004581499448977411,0.00038885745416337156,1.082416528106478e-05,0.0008551253,0.07558203339576722,0.20697867936546904,0.0,0.8811718821525574
196,1003520,1529.425732764309,674,0.03789453208446503,0.1674629179508658,0.0,0.8811718821525574,1.9440692007541656,0.006285770586691797,0.0013446667726384476,1.1968432681896957e-05,0.0012754825,0.03789453208446503,0.1674629179508658,0.0,0.8811718821525574
197,1008640,1480.7815828120736,678,0.03789453208446503,0.1674629179508658,0.0,0.8811718821525574,1.9443970501422883,0.0039052464533597233,0.0006870326455100439,2.0155350966888363e-06,0.00044378414,0.03789453208446503,0.1674629179508658,0.0,0.8811718821525574
198,1013760,1539.959582834501,681,0.03789453208446503,0.1674629179508658,0.0,0.8811718821525574,1.9448756098747253,0.0037995172431692483,0.0006102963438024744,1.4169836319410934e-06,0.00030861192,0.03789453208446503,0.1674629179508658,0.0,0.8811718821525574
199,1018880,1460.1505050969329,685,0.03789453208446503,0.1674629179508658,0.0,0.8811718821525574,1.9451289415359496,0.004469667503144592,0.0008475885944790207,6.023205790484098e-06,0.000518875,0.03789453208446503,0.1674629179508658,0.0,0.8811718821525574
200,1024000,1530.8581275427318,688,0.03789453208446503,0.1674629179508658,0.0,0.8811718821525574,1.9452510058879853,0.0046888296492397785,0.0011496716615511104,5.73808852664115e-06,0.00063879916,0.03789453208446503,0.1674629179508658,0.0,0.8811718821525574
201,1029120,1589.5391818655403,691,0.01586523503065109,0.09907836101053623,0.0,0.6346094012260437,1.945890873670578,0.0034279019688256084,0.0005791543546365574,2.3809958733522761e-07,0.000106688356,0.01586523503065109,0.09907836101053623,0.0,0.6346094012260437
202,1034240,1548.3298516375073,694,0.01586523503065109,0.09907836101053623,0.0,0.6346094012260437,1.9458877742290497,0.0031045168521814047,0.0004904368339339271,5.569757128398578e-07,0.00012073592,0.01586523503065109,0.09907836101053623,0.0,0.6346094012260437
203,1039360,1579.1919873063619,698,0.01586523503065109,0.09907836101053623,0.0,0.6346094012260437,1.9458665788173675,0.0028552949777804317,0.0005376692963181995,3.7628979541182164e-07,0.00013322284,0.01586523503065109,0.09907836101053623,0.0,0.6346094012260437
204,1044480,1549.5143023964945,701,0.01586523503065109,0.09907836101053623,0.0,0.6346094012260437,1.9457148253917693,0.002735529199708253,0.0004031269927509129,8.658082435886171e-07,0.00016987967,0.01586523503065109,0.09907836101053623,0.0,0.6346094012260437
205,1049600,1556.2478249504625,704,0.01586523503065109,0.09907836101053623,0.0,0.6346094012260437,1.9451230764389038,0.00308238627621904,0.0003495464203297161,1.6727803824778675e-06,0.0002229156,0.01586523503065109,0.09907836101053623,0.0,0.6346094012260437
206,1054720,1637.6974264046728,707,0.01586523503065109,0.09907836101053623,0.0,0.6346094012260437,1.944949245452881,0.0034686601837165655,0.0006878713640617207,1.3523996585718122e-06,0.00027599774,0.01586523503065109,0.09907836101053623,0.0,0.6346094012260437
207,1059840,1632.4542804797497,711,0.027464844286441803,0.12122684119828606,0.0,0.6346094012260437,1.9445712625980378,0.003518429200630635,-0.0006312177763902582,4.61955945183945e-05,0.0012742863,0.027464844286441803,0.12122684119828606,0.0,0.6346094012260437
208,1064960,1631.3438950012735,714,0.027464844286441803,0.12122684119828606,0.0,0.6346094012260437,1.9452634811401368,0.0020677846390753985,0.0005078333844721783,8.550574077048622e-06,0.00056500296,0.027464844286441803,0.12122684119828606,0.0,0.6346094012260437
209,1070080,1643.3886434437056,717,0.0461894541978836,0.16535186625170326,0.0,0.7489843964576721,1.9437769949436188,0.004745477699907496,-0.0021152556410015677,0.0005707114014512626,0.003791517,0.0461894541978836,0.16535186625170326,0.0,0.7489843964576721
210,1075200,1608.2555158903594,720,0.05622461065649986,0.17418861361897583,0.0,0.7489843964576721,1.9430010318756104,-0.0012653165438678115,-0.0016926772608712782,0.0002804574703986873,0.0034182991,0.05622461065649986,0.17418861361897583,0.0,0.7489843964576721
211,1080320,1507.5395790945524,723,0.05622461065649986,0.17418861361897583,0.0,0.7489843964576721,1.9443756639957428,-0.00041474549980193844,-0.0009159640462712559,5.6978342672664437e-05,0.0015920462,0.05622461065649986,0.17418861361897583,0.0,0.7489843964576721
212,1085440,1542.1546409046725,727,0.04035937562584877,0.14766778069015443,0.0,0.7489843964576721,1.9452620923519135,0.00043945017459918746,-0.00014222451354726218,2.4966479350041483e-05,0.0010791678,0.04035937562584877,0.14766778069015443,0.0,0.7489843964576721
213,1090560,1614.4587804296787,730,0.04035937562584877,0.14766778069015446,0.0,0.7489843964576721,1.9444936037063598,0.0014378341875271872,0.0002105644123730599,1.6930140577642306e-05,0.0009083719,0.04035937562584877,0.14766778069015446,0.0,0.7489843964576721
214,1095680,1640.2017291638565,733,0.05444921925663948,0.16855528149189405,0.0,0.7489843964576721,1.9437321841716766,0.003501717682229355,-0.0011917466638806217,0.0003121094489870302,0.0025094438,0.05444921925663948,0.16855528149189405,0.0,0.7489843964576721
215,1100800,1578.9047368752683,736,0.05444921925663948,0.16855528149189405,0.0,0.7489843964576721,1.9454197525978087,-0.0016012954321922735,-0.00019777196739596549,9.633720617330255e-06,0.00059988425,0.05444921925663948,0.16855528149189405,0.0,0.7489843964576721
216,1105920,1587.7171403632487,740,0.05444921925663948,0.16855528149189405,0.0,0.7489843964576721,1.9456946671009063,0.0006275512853790132,3.277382456872147e-05,7.757326795854168e-06,0.00048869575,0.05444921925663948,0.16855528149189405,0.0,0.7489843964576721
217,1111040,1645.36107541772,743,0.05444921925663948,0.16855528149189405,0.0,0.7489843964576721,1.9456287384033204,0.0005494138415087946,0.00010424912197777303,3.1956252371401208e-06,0.00032867695,0.05444921925663948,0.16855528149189405,0.0,0.7489843964576721
218,1116160,1644.6445851952676,746,0.05444921925663948,0.16855528149189405,0.0,0.7489843964576721,1.9456175327301026,0.0008814625572995283,0.00013311225006873428,1.146518411587749e-06,0.0001953087,0.05444921925663948,0.16855528149189405,0.0,0.7489843964576721
219,1121280,1637.373768195669,749,0.06574414148926735,0.17932183075675115,0.0,0.7489843964576721,1.9434549987316132,0.002409102878300473,-0.0011222627897950587,0.0002482999711901357,0.0019956268,0.06574414148926735,0.17932183075675115,0.0,0.7489843964576721
220,1126400,1342.8171323635713,753,0.06574414148926735,0.17932183075675115,0.0,0.7489843964576721,1.9453681409358978,0.003233804786577821,0.0005454543621453922,8.605649361470568e-06,0.000549899,0.06574414148926735,0.17932183075675115,0.0,0.7489843964576721
221,1131520,816.1929536642117,759,0.06574414148926735,0.17932183075675115,0.0,0.7489843964576721,1.9457261443138123,0.0019030087802093475,0.00023558497578051173,2.219148115045755e-06,0.0002864802,0.06574414148926735,0.17932183075675115,0.0,0.7489843964576721
222,1136640,1182.0284555358242,763,0.09913867190480233,0.22423357394469556,0.0,0.8307812213897705,1.9417271614074707,0.005747042804432567,-0.003448616905734525,0.000779398557915556,0.004783542,0.09913867190480233,0.22423357394469556,0.0,0.8307812213897705
223,1141760,1078.1371195019294,768,0.09913867190480233,0.22423357394469556,0.0,0.8307812213897705,1.9455094397068025,-0.0012307504992350004,-0.0004605203721439466,1.4836165701126446e-05,0.0006164644,0.09913867190480233,0.22423357394469556,0.0,0.8307812213897705
224,1146880,1622.1956182633046,771,0.09913867190480233,0.22423357394469556,0.0,0.8307812213897705,1.945429080724716,0.0009706977223686408,2.2503966829390264e-05,1.635165724565013e-05,0.00084645115,0.09913867190480233,0.22423357394469556,0.0,0.8307812213897705
225,1152000,1618.3614912792825,774,0.09913867190480233,0.22423357394469556,0.0,0.8307812213897705,1.9457456290721893,0.0014067225056351162,0.00037275315889928606,5.735933598316478e-06,0.0004274027,0.09913867190480233,0.22423357394469556,0.0,0.8307812213897705
226,1157120,920.526376207056,780,0.08753906264901161,0.21694249714177877,0.0,0.8307812213897705,1.9457224667072297,0.001090598620066885,0.0003318661376397358,3.524109797581332e-06,0.00035953772,0.08753906264901161,0.21694249714177877,0.0,0.8307812213897705
227,1162240,1113.1272146411218,785,0.08753906264901161,0.21694249714177877,0.0,0.8307812213897705,1.9456995964050292,0.0026472877245396374,0.00039076108805602416,2.118717722510155e-06,0.00023025593,0.08753906264901161,0.21694249714177877,0.0,0.8307812213897705
228,1167360,1425.2939184186744,788,0.06881445273756981,0.18965037568267681,0.0,0.8307812213897705,1.9457051634788514,0.001901789492694661,0.0003352463667397387,1.767598416790861e-06,0.000185683,0.06881445273756981,0.18965037568267681,0.0,0.8307812213897705
229,1172480,1180.6184288600648,793,0.05877929627895355,0.18226221118253336,0.0,0.8307812213897705,1.9455441534519196,0.002109162276610732,0.00018508283465052956,6.387894345039058e-06,0.00036950345,0.05877929627895355,0.18226221118253336,0.0,0.8307812213897705
230,1177600,1488.3192544305816,796,0.09505663961172103,0.23229235030462775,0.0,0.8307812213897705,1.9412546813488007,0.005054625013144687,-0.002386424277938204,0.0002443850058398311,0.0032183179,0.09505663961172103,0.23229235030462775,0.0,0.8307812213897705
231,1182720,1539.5864184143825,799,0.09505663961172103,0.23229235030462775,0.0,0.8307812213897705,1.9456444084644318,0.0012310989541219897,0.0001736682077535079,4.987765134956135e-06,0.00059693836,0.09505663961172103,0.23229235030462775,0.0,0.8307812213897705
232,1187840,1436.8230599981066,803,0.09718359261751175,0.23691619204849254,0.0,0.8307812213897705,1.9441827058792114,0.0034671959147090092,-0.001862037889259227,0.00047865232168078367,0.0046904963,0.09718359261751175,0.23691619204849254,0.0,0.8307812213897705
233,1192960,1518.6637580704598,806,0.09718359261751175,0.23691619204849254,0.0,0.8307812213897705,1.9457892417907714,0.0036674919072538616,0.000771181688469369,5.302696052922329e-06,0.00055943866,0.09718359261751175,0.23691619204849254,0.0,0.8307812213897705
234,1198080,1592.8793692698557,809,0.09718359261751175,0.23691619204849254,0.0,0.8307812213897705,1.9458161830902099,0.0051991452230140565,0.0008954193006502464,9.61650616204679e-07,0.00021693444,0.09718359261751175,0.23691619204849254,0.0,0.8307812213897705
235,1203200,1518.8425956443152,813,0.09718359261751175,0.23691619204849254,0.0,0.8307812213897705,1.945749616622925,0.004737616516649723,0.0008320259134052321,7.544184674657117e-06,0.00048011722,0.09718359261751175,0.23691619204849254,0.0,0.8307812213897705
236,1208320,1582.597360141177,816,0.08588867038488388,0.23042147968164123,0.0,0.8307812213897705,1.9456914246082306,0.0042224624427035454,0.00084374756552279,2.667177940907095e-06,0.00035798163,0.08588867038488388,0.23042147968164123,0.0,0.8307812213897705
237,1213440,1566.6910612718389,819,0.08588867038488388,0.23042147968164123,0.0,0.8307812213897705,1.9444595336914063,0.004095988254994154,-0.0003234898395021446,0.0001091824398827157,0.0018315706,0.08588867038488388,0.23042147968164123,0.0,0.8307812213897705
238,1218560,1597.5016802721286,823,0.09676171690225602,0.23629857757516323,0.0,0.8307812213897705,1.9443710625171662,0.003364082251300715,-0.00029659534338861705,0.00020022320704811137,0.0020778377,0.09676171690225602,0.23629857757516323,0.0,0.8307812213897705
239,1223680,1637.617998424367,826,0.10852538868784904,0.24281154541585406,0.0,0.8307812213897705,1.9440507590770721,0.0019131214972730958,-0.0013244520345324418,3.98775964640663e-05,0.0017891461,0.10852538868784904,0.24281154541585406,0.0,0.8307812213897705
240,1228800,1604.384914856755,829,0.10852538868784904,0.2428115454158541,0.0,0.8307812213897705,1.9457392632961272,-0.005992784188129008,-0.0011144709249492734,1.3111509497321095e-05,0.0006690271,0.10852538868784904,0.2428115454158541,0.0,0.8307812213897705
241,1233920,1593.4090963391009,832,0.09590038880705834,0.2348674032813845,0.0,0.8307812213897705,1.945870280265808,-0.0014665427850559353,-0.0003240651472879108,7.331319210379661e-07,0.00021805947,0.09590038880705834,0.2348674032813845,0.0,0.8307812213897705
242,1239040,1595.2191108630384,835,0.07513085827231407,0.20361728779110075,0.0,0.7267187237739563,1.94589421749115,-0.001178579789120704,-0.00018310269588255322,3.33921857986752e-07,0.00010511429,0.07513085827231407,0.20361728779110075,0.0,0.7267187237739563
243,1244160,1621.2679113720258,839,0.07513085827231407,0.20361728779110075,0.0,0.7267187237739563,1.94589262008667,-0.0008632218261482194,-0.00017426439335395117,7.470785121199697e-07,0.00013681884,0.07513085827231407,0.20361728779110075,0.0,0.7267187237739563
244,1249280,1632.0913850454754,842,0.07513085827231407,0.20361728779110078,0.0,0.7267187237739563,1.9458850920200348,-0.00041052760498132556,-0.00011335138899539742,1.5336553573774836e-06,0.00020626749,0.07513085827231407,0.20361728779110078,0.0,0.7267187237739563
245,1254400,1634.7187896883818,845,0.07513085827231407,0.20361728779110078,0.0,0.7267187237739563,1.9457838416099549,0.0018130808864952996,9.273137911804951e-05,7.967837598243932e-06,0.00048737373,0.07513085827231407,0.20361728779110078,0.0,0.7267187237739563
246,1259520,1497.724486199872,848,0.07513085827231407,0.20361728779110078,0.0,0.7267187237739563,1.9458141148090362,0.002225288865156472,0.0003200354371074354,3.0439366042855907e-06,0.00027486603,0.07513085827231407,0.20361728779110078,0.0,0.7267187237739563
247,1264640,1547.348205426287,852,0.07513085827231407,0.20361728779110075,0.0,0.7267187237739563,1.9457976400852204,0.0036394673283211888,0.0005586066370597109,2.893511395996029e-06,0.0002515067,0.07513085827231407,0.20361728779110075,0.0,0.7267187237739563
248,1269760,1608.1855417664503,855,0.09500390514731408,0.2321129540605964,0.0,0.794921875,1.942283070087433,0.006547209341078997,-0.0020951508769940118,0.00032245661950582873,0.004271621,0.09500390514731408,0.2321129540605964,0.0,0.794921875
249,1274880,1661.3849936839813,858,0.07746288999915123,0.21124082089993657,0.0,0.794921875,1.9419340550899507,0.0014402648001123452,-0.002140110362233827,0.0008523730364913718,0.0033648268,0.07746288999915123,0.21124082089993657,0.0,0.794921875
250,1280000,1573.1838986497035,861,0.09302343651652337,0.22727746988412229,0.0,0.794921875,1.9436609148979187,0.0005034177469497081,-0.002186534115935501,0.0003276077326518134,0.0033454176,0.09302343651652337,0.22727746988412229,0.0,0.794921875
251,1285120,1636.5740372679895,864,0.07680663987994193,0.20949885059955609,0.0,0.794921875,1.9452326357364655,0.004289258364588022,-0.00015056733736855675,9.630750187170634e-05,0.0013773458,0.07680663987994193,0.20949885059955609,0.0,0.794921875
252,1290240,1554.6570154368662,867,0.07680663987994193,0.20949885059955609,0.0,0.794921875,1.945610475540161,0.0031546563724987207,0.0006918678484908014,1.835546547681588e-05,0.0010627509,0.07680663987994193,0.20949885059955609,0.0,0.794921875
253,1295360,1491.113933428807,871,0.07680663987994193,0.20949885059955609,0.0,0.794921875,1.945340096950531,0.005087382346391678,0.00047258183958547305,3.0332407118294213e-05,0.000924613,0.07680663987994193,0.20949885059955609,0.0,0.794921875
254,1300480,1465.4465196659644,874,0.07680663987994193,0.20949885059955609,0.0,0.794921875,1.9457353174686431,0.0012290249898796902,0.0003366851116879843,6.106680780249008e-06,0.0004662024,0.07680663987994193,0.20949885059955609,0.0,0.794921875
255,1305600,1473.3648582070205,878,0.07680663987994193,0.20949885059955609,0.0,0.794921875,1.9454845666885376,0.0028259609127417205,0.0005887795254238881,5.415558314325608e-06,0.00054621155,0.07680663987994193,0.20949885059955609,0.0,0.794921875
256,1310720,1569.6870316257616,881,0.0659335933625698,0.20177428967964173,0.0,0.794921875,1.9441828668117522,0.003261329070664942,-0.00031837584774621066,5.071528818234583e-05,0.0013733729,0.0659335933625698,0.20177428967964173,0.0,0.794921875
257,1315840,1550.076214525541,884,0.08661523386836052,0.23380999579099354,0.0,0.8272656202316284,1.945480513572693,0.0003680632602481637,-0.00010452630926920392,3.177427394120969e-05,0.00033635338,0.08661523386836052,0.23380999579099354,0.0,0.8272656202316284
258,1320960,989.3714428140104,890,0.07485156208276748,0.22590085783028474,0.0,0.8272656202316284,1.9458800554275513,0.002006280462956056,0.0003207923284207936,9.616056331651634e-07,0.00016504942,0.07485156208276748,0.22590085783028474,0.0,0.8272656202316284
259,1326080,1606.7946705039485,893,0.07485156208276748,0.22590085783028474,0.0,0.8272656202316284,1.9458554327487945,0.00115274409763515,0.00022896614791534375,1.0762618245507838e-06,0.00017206339,0.07485156208276748,0.22590085783028474,0.0,0.8272656202316284
260,1331200,1252.5900802859485,897,0.07485156208276748,0.22590085783028474,0.0,0.8272656202316284,1.9390895366668701,0.006091390771325677,0.0016982442582957446,7.943413943394262e-05,0.0022094739,0.07485156208276748,0.22590085783028474,0.0,0.8272656202316284
261,1336320,1046.1657831958726,902,0.07485156208276748,0.22590085783028474,0.0,0.8272656202316284,1.9458706438541413,0.003068273712415248,0.0005259804602246732,3.4774299706441525e-07,0.00012547946,0.07485156208276748,0.22590085783028474,0.0,0.8272656202316284
262,1341440,1352.735805693376,906,0.07485156208276748,0.22590085783028474,0.0,0.8272656202316284,1.9459019005298615,0.0016618509485851972,0.00033334333857055755,1.7506136842371234e-07,6.645444e-05,0.07485156208276748,0.22590085783028474,0.0,0.8272656202316284
263,1346560,1268.39018707997,910,0.07485156208276748,0.22590085783028474,0.0,0.8272656202316284,1.9458865880966187,0.0014120312640443443,0.00019481930030451622,7.808893641936265e-07,0.0001262827,0.07485156208276748,0.22590085783028474,0.0,0.8272656202316284
264,1351680,1492.5253262104873,913,0.07485156208276748,0.22590085783028474,0.0,0.8272656202316284,1.9458841145038606,0.0018022397882305086,0.00029227787090349013,7.095802537548934e-07,0.00014734243,0.07485156208276748,0.22590085783028474,0.0,0.8272656202316284
265,1356800,1141.925875445062,918,0.07485156208276748,0.22590085783028474,0.0,0.8272656202316284,1.9458730161190032,0.0013907701941207051,0.0002519144094549119,6.116106685993827e-07,0.00013586236,0.07485156208276748,0.22590085783028474,0.0,0.8272656202316284
266,1361920,1521.7238615983913,921,0.07485156208276748,0.22590085783028474,0.0,0.8272656202316284,1.9458952248096466,0.001557373267132789,0.0002839828113792464,3.4033815090594997e-07,0.000114491755,0.07485156208276748,0.22590085783028474,0.0,0.8272656202316284
267,1367040,1526.730353550075,924,0.07485156208276748,0.22590085783028474,0.0,0.8272656202316284,1.9458718657493592,0.0016752369119785726,0.00024169070675270632,7.838650191160923e-07,0.000111191664,0.07485156208276748,0.22590085783028474,0.0,0.8272656202316284
268,1372160,1489.1121654976153,928,0.03624218702316284,0.15962749874937177,0.0,0.8272656202316284,1.9458844125270844,0.001443189609562978,0.00030750679652555844,5.087193045483218e-07,0.00010349466,0.03624218702316284,0.15962749874937177,0.0,0.8272656202316284
269,1377280,1522.4799135692738,931,0.03624218702316284,0.15962749874937177,0.0,0.8272656202316284,1.9458657026290893,0.0013229458185378463,0.00023820986607461236,9.204441653309914e-07,0.00016749647,0.03624218702316284,0.15962749874937177,0.0,0.8272656202316284
270,1382400,1436.2547487892732,935,0.02068164050579071,0.12915680356225823,0.0,0.8272656202316284,1.945890837907791,0.0009688245656434447,0.00024038280753302388,5.178361156765732e-07,0.00012220412,0.02068164050579071,0.12915680356225823,0.0,0.8272656202316284
271,1387520,1439.64502742486,938,0.02068164050579071,0.12915680356225823,0.0,0.8272656202316284,1.945899873971939,0.0009050164226209745,0.00016884335709619336,1.1606160867927429e-07,4.5777128e-05,0.02068164050579071,0.12915680356225823,0.0,0.8272656202316284
272,1392640,1592.790761253718,941,0.02068164050579071,0.12915680356225823,0.0,0.8272656202316284,1.9459026217460633,0.000702303450088948,0.00014273378401412628,1.3869321051629414e-07,6.3632375e-05,0.02068164050579071,0.12915680356225823,0.0,0.8272656202316284
273,1397760,1627.7194570993174,945,0.02068164050579071,0.12915680356225823,0.0,0.8272656202316284,1.945905178785324,0.0004812320286873728,0.0001126889095758088,1.0559486671724016e-07,5.227233e-05,0.02068164050579071,0.12915680356225823,0.0,0.8272656202316284
274,1402880,1622.4104586927374,948,0.02068164050579071,0.12915680356225823,0.0,0.8272656202316284,1.9459063351154327,0.0004520938600762747,7.911784523457754e-05,6.777300782800922e-08,3.1299773e-05,0.02068164050579071,0.12915680356225823,0.0,0.8272656202316284
275,1408000,1576.6902453708462,951,0.02068164050579071,0.12915680356225823,0.0,0.8272656202316284,1.9459066152572633,0.0002520374400774017,5.309525640768697e-05,6.361793385423198e-08,4.2204083e-05,0.02068164050579071,0.12915680356225823,0.0,0.8272656202316284
276,1413120,1636.9723700590405,954,0.02068164050579071,0.12915680356225823,0.0,0.8272656202316284,1.9459034323692321,0.00029374045043368825,8.257493482233258e-05,2.082223701904695e-07,6.4590124e-05,0.02068164050579071,0.12915680356225823,0.0,0.8272656202316284
277,1418240,1550.1262292378049,957,0.0,0.0,0.0,0.0,1.9459013044834137,0.00025578629283700137,2.9429988205720293e-05,1.5665359818228807e-07,5.3293235e-05,0.0,0.0,0.0,0.0
278,1423360,1586.0275250802897,961,0.0,0.0,0.0,0.0,1.9458775460720061,0.0003281187811808195,7.216983890430128e-05,4.762347044717785e-07,8.8377914e-05,0.0,0.0,0.0,0.0
279,1428480,1472.3262252744153,964,0.019773437082767485,0.1234850750033396,0.0,0.7909374833106995,1.942604798078537,0.0032411447567938013,-0.0026619594408657577,0.0004140012968946394,0.0034613325,0.019773437082767485,0.1234850750033396,0.0,0.7909374833106995
280,1433600,1491.132466620598,968,0.019773437082767485,0.1234850750033396,0.0,0.7909374833106995,1.9457660079002381,-0.0030057969503104686,-0.0005951134153292514,2.058022045048347e-06,0.00031612816,0.019773437082767485,0.1234850750033396,0.0,0.7909374833106995
281,1438720,1532.0921696545129,971,0.019773437082767485,0.1234850750033396,0.0,0.7909374833106995,1.9457827150821685,0.00024681845711711504,8.277880483547051e-05,4.4069954697079085e-06,0.00037816403,0.019773437082767485,0.1234850750033396,0.0,0.7909374833106995
282,1443840,1423.6891803306512,975,0.019773437082767485,0.1234850750033396,0.0,0.7909374833106995,1.9455329716205596,-0.0005956084701210784,-2.4003518228710162e-05,1.4210318772711616e-05,0.0008395099,0.019773437082767485,0.1234850750033396,0.0,0.7909374833106995
283,1448960,1570.658291123932,978,0.019773437082767485,0.1234850750033396,0.0,0.7909374833106995,1.9458847641944885,3.7760438135592264e-05,3.7218349052636765e-05,5.83962471267796e-07,0.00011747988,0.019773437082767485,0.1234850750033396,0.0,0.7909374833106995
284,1454080,1067.6547505877365,983,0.019773437082767485,0.1234850750033396,0.0,0.7909374833106995,1.9458632349967957,-9.36005841140286e-05,-8.932074288168224e-05,1.0994954656950996e-06,0.00016656322,0.019773437082767485,0.1234850750033396,0.0,0.7909374833106995
285,1459200,1157.0523093458264,987,0.019773437082767485,0.1234850750033396,0.0,0.7909374833106995,1.9455822110176086,0.001024302742735017,-0.00014901197619110462,1.3183380099235365e-05,0.00070919935,0.019773437082767485,0.1234850750033396,0.0,0.7909374833106995
286,1464320,1567.4941843515662,990,0.032216796278953554,0.14420512516404996,0.0,0.7909374833106995,1.9438475847244263,0.0012651821874896997,-0.000517045699530172,8.340590335080833e-05,0.0018149527,0.032216796278953554,0.14420512516404996,0.0,0.7909374833106995
287,1469440,1536.5592245236005,994,0.032216796278953554,0.14420512516404996,0.0,0.7909374833106995,1.9457950055599214,0.00386632060399279,0.0006491591688245535,5.418899681330913e-06,0.0003281333,0.032216796278953554,0.14420512516404996,0.0,0.7909374833106995
288,1474560,1506.4781142664808,997,0.0589609369635582,0.18211517039568026,0.0,0.7909374833106995,1.9411203503608703,0.006752742303069681,-0.002181092690807418,0.0004940010105201509,0.0033410129,0.0589609369635582,0.18211517039568026,0.0,0.7909374833106995
289,1479680,1506.8184830884913,1000,0.0589609369635582,0.18211517039568026,0.0,0.7909374833106995,1.944581961631775,0.00285216402480728,-0.001814689785533119,0.00024230495482697735,0.003075265,0.0589609369635582,0.18211517039568026,0.0,0.7909374833106995
290,1484800,1075.5227821750036,1005,0.08171679675579072,0.22511743313033514,0.0,0.9102343916893005,1.943733376264572,-0.03529073158279061,-0.006972941383719444,9.741467792991897e-05,0.0021007094,0.08171679675579072,0.22511743313033514,0.0,0.9102343916893005
291,1489920,1312.4307098534932,1009,0.08171679675579072,0.22511743313033514,0.0,0.9102343916893005,1.9441221058368683,-0.02791568385437131,-0.006109456019476056,0.00015803654068804462,0.0023144062,0.08171679675579072,0.22511743313033514,0.0,0.9102343916893005
292,1495040,1416.8763283522906,1013,0.09355078116059304,0.23282068720623847,0.0,0.9102343916893005,1.9386714577674866,-0.013572818576358258,-0.004816919157747179,0.00018782407114485976,0.00288614,0.09355078116059304,0.23282068720623847,0.0,0.9102343916893005
293,1500160,995.4905893784911,1018,0.09355078116059304,0.23282068720623847,0.0,0.9102343916893005,1.940314120054245,-0.015184314269572497,-0.0033041181475709893,0.0003526918491843389,0.003232892,0.09355078116059304,0.23282068720623847,0.0,0.9102343916893005
294,1505280,1405.7560226548717,1022,0.10872460976243019,0.24565419446137457,0.0,0.9102343916893005,1.944001281261444,-0.005111335153924301,-0.0022451424330938606,0.0003014482947946817,0.0030832186,0.10872460976243019,0.24565419446137457,0.0,0.9102343916893005
295,1510400,1040.5509035805835,1026,0.10872460976243019,0.24565419446137457,0.0,0.9102343916893005,1.9457700967788696,-0.02951584542170167,-0.004722669906914234,1.0031290275946959e-05,0.0007908664,0.10872460976243019,0.24565419446137457,0.0,0.9102343916893005
296,1515520,1250.7750921518114,1031,0.10872460976243019,0.24565419446137457,0.0,0.9102343916893005,1.9456503927707671,-0.013138874201104045,-0.002789380168542266,8.736598374525784e-06,0.0005943138,0.10872460976243019,0.24565419446137457,0.0,0.9102343916893005
297,1520640,1370.321718255498,1034,0.10872460976243019,0.24565419446137457,0.0,0.9102343916893005,1.9457560181617737,-0.0126686355099082,-0.0020704312075395135,3.7553811921497982e-06,0.00040207166,0.10872460976243019,0.24565419446137457,0.0,0.9102343916893005
298,1525760,1011.1725401210186,1039,0.10872460976243019,0.24565419446137457,0.0,0.9102343916893005,1.945791667699814,-0.009135369211435318,-0.0015953482477925717,1.9541747690254852e-06,0.0002522362,0.10872460976243019,0.24565419446137457,0.0,0.9102343916893005
299,1530880,1158.4767524987144,1044,0.08895117267966271,0.22048845852045365,0.0,0.9102343916893005,1.9458327174186707,-0.00836184322834015,-0.0015525961469393223,4.811451611885787e-06,0.00041928998,0.08895117267966271,0.22048845852045365,0.0,0.9102343916893005
300,1536000,1620.7881248874496,1047,0.08895117267966271,0.22048845852045365,0.0,0.9102343916893005,1.9448013186454773,-0.004226455406751484,-0.0012445727887097746,4.7120809745138105e-05,0.0013979143,0.08895117267966271,0.22048845852045365,0.0,0.9102343916893005
301,1541120,1450.314153607099,1051,0.108015625923872,0.2437175232069143,0.0,0.9102343916893005,1.9436846375465393,-0.0006065965986636002,-0.0021448349798447452,0.00030741774274929413,0.0019603646,0.108015625923872,0.2437175232069143,0.0,0.9102343916893005
302,1546240,1596.8705471325416,1054,0.09557226672768593,0.23608909519704288,0.0,0.9102343916893005,1.9412070691585541,0.0033993244171142576,0.00012151850532973185,0.0002530649202526547,0.0033411663,0.09557226672768593,0.23608909519704288,0.0,0.9102343916893005
303,1551360,1631.6946799813966,1057,0.11306640729308129,0.25363340620890984,0.0,0.9102343916893005,1.9420662581920625,0.0005721357692891615,-0.0016913235438551055,0.00012734066249322495,0.0027576764,0.11306640729308129,0.25363340620890984,0.0,0.9102343916893005
304,1556480,1635.0099041621845,1060,0.11306640729308129,0.25363340620890984,0.0,0.9102343916893005,1.945449560880661,-0.0019570376724004747,-0.0002039404491370078,1.6323679051311047e-05,0.0008133968,0.11306640729308129,0.25363340620890984,0.0,0.9102343916893005
305,1561600,1630.6635792028253,1063,0.12815234437584877,0.26418613464919277,0.0,0.9102343916893005,1.941407746076584,0.001999384483497124,-0.0020907245576381682,0.00026675237095332707,0.003572623,0.12815234437584877,0.26418613464919277,0.0,0.9102343916893005
306,1566720,1619.163050319824,1066,0.11563867256045342,0.2571691991628386,0.0,0.9102343916893005,1.9418609499931336,0.0010277255627443083,-0.001886917985893888,0.0003422258119826438,0.0032292232,0.11563867256045342,0.2571691991628386,0.0,0.9102343916893005
307,1571840,1631.750472413405,1069,0.11563867256045342,0.2571691991628386,0.0,0.9102343916893005,1.9448054075241088,-0.00400883448892273,-0.0026129664067411794,0.00023152114563345093,0.0024516145,0.11563867256045342,0.2571691991628386,0.0,0.9102343916893005
308,1576960,1600.6725991759324,1073,0.11251562461256981,0.24809929393071087,0.0,0.7853124737739563,1.9437064826488495,0.000713814573828131,-0.0016223421131144277,0.0001548099483443366,0.0020542261,0.11251562461256981,0.24809929393071087,0.0,0.7853124737739563
309,1582080,1596.7566803120076,1076,0.11251562461256981,0.24809929393071087,0.0,0.7853124737739563,1.9450055360794067,0.006119443802163005,0.00023250744266078982,9.325772489319207e-05,0.0019945216,0.11251562461256981,0.24809929393071087,0.0,0.7853124737739563
310,1587200,1605.8066770510868,1079,0.11532226502895356,0.2527567782472525,0.0,0.7853124737739563,1.9428750157356263,0.0051491599006112665,-0.0006811653351178393,0.00034648303042104087,0.0024756251,0.11532226502895356,0.2527567782472525,0.0,0.7853124737739563
311,1592320,1526.0464160411545,1082,0.11532226502895356,0.25275677824725257,0.0,0.7853124737739563,1.9440562546253204,0.009262020280584694,0.0012525239231763407,2.408211389592907e-05,0.0016349859,0.11532226502895356,0.25275677824725257,0.0,0.7853124737739563
312,1597440,1447.3068450687842,1086,0.11502929627895356,0.2521929249177923,0.0,0.7853124737739563,1.9422452867031097,0.006154369306750595,-0.000831887919048313,5.1129277426298356e-05,0.0014119416,0.11502929627895356,0.2521929249177923,0.0,0.7853124737739563
313,1602560,1385.5191775056812,1090,0.11502929627895356,0.2521929249177923,0.0,0.7853124737739563,1.9449087262153626,-0.0013936821720562874,-0.0008889645781891886,4.328877132593334e-05,0.0010297727,0.11502929627895356,0.2521929249177923,0.0,0.7853124737739563
314,1607680,1436.9591023939017,1093,0.11502929627895356,0.2521929249177923,0.0,0.7853124737739563,1.9430580914020539,0.008425561571493745,0.001457871907041408,2.7163835750343423e-05,0.0011905069,0.11502929627895356,0.2521929249177923,0.0,0.7853124737739563
315,1612800,1326.819264091932,1097,0.11502929627895356,0.2521929249177923,0.0,0.7853124737739563,1.9450525403022767,0.005290653323754668,0.0008992492985271383,1.2489981395447103e-05,0.0008096152,0.11502929627895356,0.2521929249177923,0.0,0.7853124737739563
316,1617920,1581.2033420892292,1100,0.11502929627895356,0.2521929249177923,0.0,0.7853124737739563,1.9456140577793122,0.004814928991254419,0.0008818105445243419,1.3024144459450327e-05,0.00077849516,0.11502929627895356,0.2521929249177923,0.0,0.7853124737739563
317,1623040,1529.2223971297256,1104,0.11502929627895356,0.2521929249177923,0.0,0.7853124737739563,1.9455628097057343,0.005759225389920175,0.0009648498671595007,7.781309261645219e-06,0.00059656985,0.11502929627895356,0.2521929249177923,0.0,0.7853124737739563
318,1628160,1478.6778185414735,1107,0.11502929627895356,0.2521929249177923,0.0,0.7853124737739563,1.945461642742157,0.005398183595389128,0.0007656524176127277,9.572221205189636e-06,0.0005144022,0.11502929627895356,0.2521929249177923,0.0,0.7853124737739563
319,1633280,1428.5477216735455,1111,0.1303027331829071,0.26303103067974437,0.0,0.7853124737739563,1.9425406634807587,0.008581191883422434,-0.0007700858244788833,0.00016234127947427622,0.0021611247,0.1303027331829071,0.26303103067974437,0.0,0.7853124737739563
320,1638400,1286.5893816475539,1115,0.11123827993869781,0.2434174097135181,0.0,0.7853124737739563,1.9454880475997924,0.00024866288440534846,-0.0004626335663488135,2.032338522894861e-05,0.0010079386,0.11123827993869781,0.2434174097135181,0.0,0.7853124737739563
321,1643520,1592.1671216579898,1118,0.11123827993869781,0.24341740971351808,0.0,0.7853124737739563,1.9447883188724517,0.0075855335453525186,0.0011063852318329737,2.024953023465059e-05,0.00092146563,0.11123827993869781,0.24341740971351808,0.0,0.7853124737739563
322,1648640,1594.3956199707015,1121,0.1090585932135582,0.23870942230895753,0.0,0.7853124737739563,1.9399249732494355,0.01047204474452883,-0.0022862113994051468,0.00035311260362504984,0.0032010868,0.1090585932135582,0.23870942230895753,0.0,0.7853124737739563
323,1653760,1629.8290726987473,1124,0.12464843690395355,0.25111842083335123,0.0,0.7853124737739563,1.9408222794532777,0.012118039303459227,-4.7219007137755396e-05,0.00027884026731044286,0.002386813,0.12464843690395355,0.25111842083335123,0.0,0.7853124737739563
324,1658880,1624.363664776894,1127,0.12682226449251174,0.2552990310496651,0.0,0.7853124737739563,1.9412153720855714,0.012963706953451037,-0.0005484198878548341,0.0003225387625207077,0.0025200865,0.12682226449251174,0.2552990310496651,0.0,0.7853124737739563
325,1664000,1622.3489298345933,1131,0.10718945264816285,0.23313946733719174,0.0,0.6561718583106995,1.941815721988678,0.01399271166883409,-5.496469493664336e-05,0.00028512261606010724,0.0027194053,0.10718945264816285,0.23313946733719174,0.0,0.6561718583106995
326,1669120,1628.3343464847387,1134,0.14083593636751174,0.2660813935594852,0.0,0.8802343606948853,1.9402598679065703,0.010079596762079746,-0.0013518723484594376,0.0004859388925979147,0.0039549544,0.14083593636751174,0.2660813935594852,0.0,0.8802343606948853
327,1674240,1639.463940450857,1137,0.14083593636751174,0.2660813935594852,0.0,0.8802343606948853,1.9448406159877778,0.003080908494303003,0.0007337395465583541,1.3496137717083911e-05,0.0011516411,0.14083593636751174,0.2660813935594852,0.0,0.8802343606948853
328,1679360,1639.6045098743882,1140,0.12619531154632568,0.2571670595325305,0.0,0.8802343606948853,1.943408155441284,0.002821023459546268,-0.002100064938167634,0.0004397971179969318,0.0034259683,0.12619531154632568,0.2571670595325305,0.0,0.8802343606948853
329,1684480,1623.657607130085,1143,0.13900195211172103,0.26324705540017396,0.0,0.8802343606948853,1.9441934525966644,0.00015203537986963056,-0.0002165661436265509,2.1117642768331278e-05,0.0011789481,0.13900195211172103,0.26324705540017396,0.0,0.8802343606948853
330,1689600,1609.948189636023,1146,0.12412109225988388,0.253686636870656,0.0,0.8802343606948853,1.9454472482204437,0.0013944409984105732,0.00012292871379031566,4.574506374410703e-06,0.00042338815,0.12412109225988388,0.253686636870656,0.0,0.8802343606948853
331,1694720,1621.721161066041,1150,0.13961718529462813,0.264339086808202,0.0,0.8802343606948853,1.9411397755146027,0.004763746547541814,-0.0016587926620559301,0.00020997573101340096,0.0021798306,0.13961718529462813,0.264339086808202,0.0,0.8802343606948853
332,1699840,1611.4578247697548,1153,0.13961718529462813,0.264339086808202,0.0,0.8802343606948853,1.9409846723079682,0.008758721011690795,0.0005782278526567097,0.00014601324255636428,0.0018660293,0.13961718529462813,0.264339086808202,0.0,0.8802343606948853
333,1704960,1608.51800321736,1156,0.15971874743700026,0.2828797359018322,0.0,0.8802343606948853,1.941777527332306,0.00745830062078312,-0.000658115312398877,0.00043470399905345405,0.0036988363,0.15971874743700026,0.2828797359018322,0.0,0.8802343606948853
334,1710080,1476.5417485646497,1159,0.1814550757408142,0.3024959462205689,0.0,0.8802343606948853,1.9429863750934602,0.003648883475398179,-0.002359107055599452,0.00030326654064083414,0.0025517023,0.1814550757408142,0.3024959462205689,0.0,0.8802343606948853
335,1715200,1467.3763023106553,1163,0.19430273175239562,0.3054155873972635,0.0,0.8802343606948853,1.9413909375667573,0.0034604542146553286,-0.0009621608318411745,0.0005171537657588487,0.004262181,0.19430273175239562,0.3054155873972635,0.0,0.8802343606948853
336,1720320,1633.8265521090027,1166,0.17902929484844207,0.2994154791979975,0.0,0.8802343606948853,1.9453202724456786,0.001664960291236639,0.0003579968288249802,1.6543755890552347e-06,0.00024607408,0.17902929484844207,0.2994154791979975,0.0,0.8802343606948853
337,1725440,1600.7322561671149,1169,0.17902929484844207,0.2994154791979975,0.0,0.8802343606948853,1.9455473840236663,0.003356696025002748,0.0005832195209222845,4.883382518983126e-05,0.0010584027,0.17902929484844207,0.2994154791979975,0.0,0.8802343606948853
338,1730560,1543.9522502080129,1173,0.17902929484844207,0.2994154791979975,0.0,0.8802343606948853,1.9456015467643737,0.0024084854288958014,0.000527290948866721,1.9935218028876987e-05,0.0008035352,0.17902929484844207,0.2994154791979975,0.0,0.8802343606948853
339,1735680,1452.487633470088,1176,0.17902929484844207,0.2994154791979975,0.0,0.8802343606948853,1.9456961691379546,0.0030782430316321553,0.00017288136896240758,9.076764206383814e-06,0.00052022643,0.17902929484844207,0.2994154791979975,0.0,0.8802343606948853
340,1740800,1430.296697411453,1180,0.16264843493700026,0.2907117151961889,0.0,0.8802343606948853,1.9455986738204956,0.0037148374249227345,0.0008522483127308078,8.049763721373893e-06,0.0005126615,0.16264843493700026,0.2907117151961889,0.0,0.8802343606948853
341,1745920,1538.7010426919528,1183,0.16813281029462815,0.3000889491420233,0.0,0.8802343606948853,1.9428797125816346,0.005059985059779138,-0.0017789230212656548,0.00020009034071790665,0.002751477,0.16813281029462815,0.3000889491420233,0.0,0.8802343606948853
342,1751040,1390.4438440616525,1187,0.1361386701464653,0.28160702236072493,0.0,0.8802343606948853,1.9457548916339875,-0.021712949313223363,-0.0035191235481761398,1.244066909293906e-05,0.00069389323,0.1361386701464653,0.28160702236072493,0.0,0.8802343606948853
343,1756160,1375.140251285982,1190,0.1361386701464653,0.28160702236072493,0.0,0.8802343606948853,1.9457576334476472,-0.0169284675270319,-0.00302680975291878,6.515579229926516e-06,0.00071156805,0.1361386701464653,0.28160702236072493,0.0,0.8802343606948853
344,1761280,1426.509300180761,1194,0.12449804544448853,0.27733792292893,0.0,0.8802343606948853,1.945609176158905,-0.0096156942890957,-0.0015750764971016907,2.904000534726947e-05,0.0008884645,0.12449804544448853,0.27733792292893,0.0,0.8802343606948853
345,1766400,887.3960242867781,1200,0.12449804544448853,0.27733792292893,0.0,0.8802343606948853,1.9457842230796814,-0.004638974298723042,-0.0013046908017713577,8.614321063760145e-06,0.0005066131,0.12449804544448853,0.27733792292893,0.0,0.8802343606948853
346,1771520,1489.1739165197764,1203,0.1024921864271164,0.25008223705757654,0.0,0.8694531321525574,1.9457830250263215,-0.00366411010036245,-0.0006737180607160554,3.145930293158017e-06,0.00033180785,0.1024921864271164,0.25008223705757654,0.0,0.8694531321525574
347,1776640,1578.6420766634126,1206,0.11548632681369782,0.25780339265583757,0.0,0.8694531321525574,1.9426404416561127,0.0011421357827202882,-0.0013407632228336296,0.00011038851092735059,0.0019714502,0.11548632681369782,0.25780339265583757,0.0,0.8694531321525574
348,1781760,1622.2657139632552,1210,0.10267968624830245,0.2503920151979315,0.0,0.8694531321525574,1.9453912436962129,-0.0019513842118612957,-0.0006903047862579115,5.692996228390257e-05,0.0012145091,0.10267968624830245,0.2503920151979315,0.0,0.8694531321525574
349,1786880,1495.4317419172257,1213,0.10267968624830245,0.2503920151979315,0.0,0.8694531321525574,1.9456900596618651,-0.002369108307175338,-0.00026595769086270595,3.425946715651662e-06,0.0006080148,0.10267968624830245,0.2503920151979315,0.0,0.8694531321525574
350,1792000,1549.351866728896,1216,0.0871835932135582,0.23671321117260397,0.0,0.8694531321525574,1.9456574618816376,-0.0008664923698233906,7.953664589877007e-06,1.402254049480689e-05,0.0007116504,0.0871835932135582,0.23671321117260397,0.0,0.8694531321525574
351,1797120,1556.6893665962145,1220,0.0871835932135582,0.23671321117260397,0.0,0.8694531321525574,1.9443962693214416,0.003424737381283194,-0.0009551619750709506,0.00014504470236715862,0.0015479492,0.0871835932135582,0.23671321117260397,0.0,0.8694531321525574
352,1802240,1447.0570832821215,1223,0.0978515625,0.23984101824843385,0.0,0.8694531321525574,1.9393596053123474,0.00665686191059649,-0.0011235059915634337,0.00021628320464515128,0.0021517407,0.0978515625,0.23984101824843385,0.0,0.8694531321525574
353,1807360,1267.9680248798772,1227,0.07611523419618607,0.2059281299777897,0.0,0.7801562547683716,1.9457885503768921,-0.007172332354821264,-0.0012298126210225746,6.046364944722882e-06,0.00048031675,0.07611523419618607,0.2059281299777897,0.0,0.7801562547683716
354,1812480,872.7337088941325,1233,0.06326757818460464,0.19389338963427213,0.0,0.7801562547683716,1.9454207718372345,-0.004265629226574674,-0.0013469785160850733,2.8728425149893155e-05,0.00080483465,0.06326757818460464,0.19389338963427213,0.0,0.7801562547683716
355,1817600,833.1820136535032,1239,0.08448828160762786,0.22906744293967066,0.0,0.848828136920929,1.9423235595226287,0.002440986770670861,-0.0014453868941927794,0.0003356072105816565,0.0018301986,0.08448828160762786,0.22906744293967066,0.0,0.848828136920929
356,1822720,925.4584406955897,1245,0.08448828160762786,0.22906744293967066,0.0,0.848828136920929,1.943568044900894,0.002023519476642832,-0.001487048395938473,0.0002791213881209842,0.002221913,0.08448828160762786,0.22906744293967066,0.0,0.848828136920929
357,1827840,1408.012051494753,1248,0.09744726568460464,0.23839380085651699,0.0,0.848828136920929,1.9446852266788484,-0.012359006283804774,-0.0018958061002194882,3.7951655542656226e-06,0.0005524108,0.09744726568460464,0.23839380085651699,0.0,0.848828136920929
358,1832960,1421.062972461542,1252,0.09744726568460464,0.23839380085651699,0.0,0.848828136920929,1.9457032799720764,-0.009484895737841725,-0.001879981515230611,1.636620802401012e-05,0.0007894115,0.09744726568460464,0.23839380085651699,0.0,0.848828136920929
359,1838080,1589.0577633369949,1255,0.09744726568460464,0.23839380085651699,0.0,0.848828136920929,1.94576096534729,-0.004215385927818715,-0.00039637493318878114,1.1772169239065989e-05,0.0007931103,0.09744726568460464,0.23839380085651699,0.0,0.848828136920929
360,1843200,1514.5521521579694,1259,0.07794335931539535,0.21221760546311533,0.0,0.848828136920929,1.94587499499321,-0.003635595238301903,-0.0006778547278372571,5.428931856954478e-07,0.00016406085,0.07794335931539535,0.21221760546311533,0.0,0.848828136920929
361,1848320,1541.8466085362734,1262,0.07794335931539535,0.21221760546311533,0.0,0.848828136920929,1.9453757405281067,0.0008910917247703764,-0.0005840020816322067,2.948763035419688e-05,0.00084244146,0.07794335931539535,0.21221760546311533,0.0,0.848828136920929
362,1853440,970.4646376036015,1267,0.09046289026737213,0.22180507438884456,0.0,0.848828136920929,1.9415757179260253,0.006858111696783453,-0.0007279945908521768,0.00029102220478307574,0.0029245433,0.09046289026737213,0.22180507438884456,0.0,0.848828136920929
363,1858560,1083.3534440913227,1272,0.11033593714237214,0.2469909435564792,0.0,0.848828136920929,1.9423259675502778,-2.7153437986271457e-05,-0.0028590865676960675,0.00020269807628210402,0.0037702178,0.11033593714237214,0.2469909435564792,0.0,0.848828136920929
364,1863680,1497.613561989574,1275,0.13280468732118605,0.2752003808744556,0.0,0.8987500071525574,1.9414754569530488,0.004353976127458736,-0.0017566041482496076,0.00033684538648230954,0.0034261502,0.13280468732118605,0.2752003808744556,0.0,0.8987500071525574
365,1868800,1260.1713165337378,1279,0.13280468732118605,0.2752003808744556,0.0,0.8987500071525574,1.944534569978714,-0.02180005330592394,-0.004365293402224779,0.00011895039151568198,0.0028212273,0.13280468732118605,0.2752003808744556,0.0,0.8987500071525574
366,1873920,1482.6611882465186,1283,0.13985351622104644,0.28831969399570234,0.0,0.8987500071525574,1.9391802549362183,-0.007247548416489735,-0.005298860429320484,0.00027045772403653243,0.0035714828,0.13985351622104644,0.28831969399570234,0.0,0.8987500071525574
367,1879040,1420.4624267133372,1287,0.15073242262005807,0.29103438438403184,0.0,0.8987500071525574,1.9387247622013093,-0.008311365987174213,-0.0028323684062343093,0.00020082799856027122,0.00347641,0.15073242262005807,0.29103438438403184,0.0,0.8987500071525574
368,1884160,1243.51306726487,1291,0.1736464850604534,0.3134810116255008,0.0,0.9165624976158142,1.9377241909503937,-0.0019179233466275036,-0.002982546214479953,0.00010220627136732219,0.0029813866,0.1736464850604534,0.3134810116255008,0.0,0.9165624976158142
369,1889280,1621.0422380773982,1294,0.1736464850604534,0.31348101162550085,0.0,0.9165624976158142,1.9436831653118134,-0.005918090196792037,-0.001741382639738731,6.662105126906682e-05,0.0013397245,0.1736464850604534,0.31348101162550085,0.0,0.9165624976158142
370,1894400,1497.244977149323,1297,0.16251562610268594,0.3127487568027109,0.0,0.9165624976158142,1.9400714457035064,0.004277158691547811,-0.0035195597854908557,0.00018964678620250197,0.003142114,0.16251562610268594,0.3127487568027109,0.0,0.9165624976158142
371,1899520,1057.2497846098706,1302,0.19944921955466272,0.3344796090849035,0.0,0.9165624976158142,1.9263207376003266,0.020675018453039228,-0.0012127892294302,0.0004811178929230664,0.0049267435,0.19944921955466272,0.3344796090849035,0.0,0.9165624976158142
372,1904640,909.6411505050971,1308,0.17822851613163948,0.31918406282480877,0.0,0.9165624976158142,1.9312203407287598,0.007990025769686326,0.0013959570878796512,9.886509255920827e-05,0.0034202996,0.17822851613163948,0.31918406282480877,0.0,0.9165624976158142
373,1909760,1477.7783100955082,1311,0.20728906467556954,0.3456100855984496,0.0,0.9165624976158142,1.934323900938034,0.007833803649555193,-0.0026984024298144504,5.2761293409275824e-05,0.0031009014,0.20728906467556954,0.3456100855984496,0.0,0.9165624976158142
374,1914880,1475.6797183715107,1315,0.20728906467556954,0.3456100855984496,0.0,0.9165624976158142,1.9458640694618226,-0.0034141685464419425,-0.0005678180343238637,2.144826714811643e-06,0.00022986213,0.20728906467556954,0.3456100855984496,0.0,0.9165624976158142
375,1920000,1510.8058780821377,1318,0.20728906467556954,0.3456100855984496,0.0,0.9165624976158142,1.945876145362854,-0.0009020363300805912,-0.00017610537829568785,1.4855624385745614e-06,0.00022113083,0.20728906467556954,0.3456100855984496,0.0,0.9165624976158142
376,1925120,1618.2080788042817,1321,0.20728906467556954,0.3456100855984496,0.0,0.9165624976158142,1.9438656330108643,0.002614977231132798,-0.0007672094769077375,0.0001258152555237757,0.0019781194,0.20728906467556954,0.3456100855984496,0.0,0.9165624976158142
377,1930240,1493.2030049800699,1325,0.20728906467556954,0.3456100855984496,0.0,0.9165624976158142,1.9387664556503297,0.005590151506476104,0.00010613709237077274,5.5326718938886185e-05,0.0014623994,0.20728906467556954,0.3456100855984496,0.0,0.9165624976158142
378,1935360,1576.656559590987,1328,0.22834570482373237,0.3577829096856946,0.0,0.9165624976158142,1.943499791622162,0.0059839576249942185,0.00012960868007212413,1.0403152325011434e-05,0.0008009729,0.22834570482373237,0.3577829096856946,0.0,0.9165624976158142
379,1940480,1640.3535766091056,1331,0.2158261738717556,0.3567910983141081,0.0,0.9165624976158142,1.9458891093730926,-0.001002827673801221,-8.564803706576641e-05,1.2891086669242213e-06,0.0001846213,0.2158261738717556,0.3567910983141081,0.0,0.9165624976158142
380,1945600,1555.8987399623843,1334,0.2158261738717556,0.3567910983141081,0.0,0.9165624976158142,1.945460557937622,0.0018287090359081048,-0.0005779912413345301,4.63659773231484e-05,0.0014392673,0.2158261738717556,0.3567910983141081,0.0,0.9165624976158142
381,1950720,1549.3003371332063,1338,0.19006445482373238,0.3357990151507811,0.0,0.9165624976158142,1.9335560202598572,0.018682914413511754,0.000568647565523861,0.0001500551128629013,0.00299919,0.19006445482373238,0.3357990151507811,0.0,0.9165624976158142
